nombre,1,2,3,4,5,6,7,8,9
1audio_2.wav,0,0,0,1,0,0,0,0,0
1audio_3.wav,0,1,0,1,0,0,0,0,0
1audio_4.wav,0,0,0,1,0,0,0,0,0
1audio_6.wav,0,0,1,1,0,0,0,0,0
1audio_7.wav,1,0,1,1,0,0,0,1,0
1audio_8.wav,1,0,1,1,0,0,0,0,0
1audio_9.wav,1,0,1,1,0,0,0,0,0
1audio_10.wav,0,0,1,0,0,1,0,0,0
1audio_11.wav,0,0,0,0,0,0,0,0,0
1audio_12.wav,0,0,0,0,0,0,0,0,0
1audio_13.wav,0,1,1,0,0,1,0,0,0
1audio_15.wav,0,1,1,0,0,1,0,0,0
1audio_16.wav,1,0,1,1,0,0,0,0,0
1audio_17.wav,0,0,0,1,0,0,0,0,0
1audio_20.wav,1,0,1,1,0,0,0,0,0
1audio_21.wav,0,1,0,1,0,0,0,0,0
1audio_22.wav,0,1,1,1,0,1,0,0,0
1audio_23.wav,0,0,0,1,0,0,0,0,0
1audio_24.wav,0,1,0,1,0,0,1,0,0
1audio_25.wav,0,0,1,1,0,1,0,0,0
1audio_26.wav,0,1,0,1,0,1,0,0,0
1audio_27.wav,1,0,1,1,0,0,0,1,0
1audio_28.wav,1,0,1,1,0,0,0,0,0
1audio_29.wav,0,0,1,1,0,0,0,0,0
1audio_30.wav,0,0,0,0,0,0,0,0,0
1audio_31.wav,0,0,0,1,0,0,0,0,0
1audio_32.wav,0,0,0,1,0,0,0,0,0
1audio_33.wav,1,0,1,1,0,1,0,0,0
1audio_34.wav,1,0,1,1,0,0,0,0,0
1audio_35.wav,1,0,1,1,0,1,0,0,0
1audio_36.wav,1,0,1,1,0,1,0,0,0
1audio_37.wav,0,0,0,1,0,0,0,0,0
1audio_38.wav,0,1,1,1,0,0,0,0,0
1audio_39.wav,0,1,0,1,0,1,0,0,0
1audio_40.wav,0,0,0,1,0,1,0,0,0
1audio_42.wav,1,0,1,1,0,0,0,0,0
1audio_43.wav,1,0,1,1,0,0,0,0,0
1audio_44.wav,1,0,1,1,0,0,0,0,0
1audio_45.wav,0,0,0,1,0,0,0,0,0
1audio_46.wav,1,0,1,1,0,0,0,0,0
1audio_47.wav,0,0,0,0,0,0,0,0,0
1audio_48.wav,0,1,1,0,0,0,0,0,0
1audio_49.wav,1,1,1,1,1,1,1,1,1
1audio_50.wav,0,0,0,1,0,1,0,0,0
1audio_51.wav,1,0,1,1,0,1,0,0,0
1audio_52.wav,1,1,1,0,0,1,0,0,0
1audio_53.wav,0,0,1,1,0,1,0,0,0
1audio_54.wav,0,0,0,0,0,0,0,0,0
1audio_55.wav,0,0,0,0,0,0,0,0,0
1audio_56.wav,0,0,0,0,0,0,0,0,0
1audio_57.wav,0,0,0,0,0,0,0,0,0
1audio_58.wav,0,0,0,0,0,0,0,0,0
1audio_59.wav,0,0,0,0,0,0,0,0,0
1audio_60.wav,0,0,0,0,0,0,0,0,0
1audio_61.wav,0,0,0,0,0,0,0,0,0
1audio_62.wav,0,0,0,0,0,0,0,0,0
1audio_63.wav,0,0,0,0,0,0,0,0,0
1audio_64.wav,0,0,0,0,0,0,0,0,0
1audio_65.wav,0,0,0,0,0,0,0,0,0
1audio_66.wav,0,0,0,0,0,0,0,0,0
1audio_67.wav,0,0,0,0,0,0,0,0,0
1audio_68.wav,0,0,0,0,0,0,0,0,0
1audio_69.wav,0,0,0,0,0,0,0,0,0
1audio_70.wav,0,0,0,0,0,0,0,0,0
1audio_71.wav,0,0,0,0,0,0,0,0,0
1audio_72.wav,0,0,0,0,0,0,0,0,0
1audio_73.wav,0,0,0,0,0,0,0,0,0
1audio_74.wav,0,0,0,0,0,0,0,0,0
1audio_75.wav,0,0,0,0,0,0,0,0,0
1audio_76.wav,0,0,0,0,0,0,0,0,0
2audio_2.wav,0,0,0,1,0,0,0,0,0
2audio_3.wav,0,0,0,1,0,0,0,0,0
2audio_4.wav,0,0,0,0,0,0,0,0,0
2audio_5.wav,0,0,0,0,0,0,0,0,0
2audio_6.wav,1,1,0,1,0,0,0,1,0
2audio_7.wav,0,0,0,1,0,0,0,0,0
2audio_8.wav,1,0,0,1,0,0,0,0,0
2audio_9.wav,1,1,0,1,0,0,0,0,0
2audio_10.wav,1,1,0,1,0,0,0,0,0
2audio_11.wav,0,0,0,1,0,0,0,0,0
2audio_12.wav,0,1,0,1,0,0,0,1,0
2audio_13.wav,0,0,0,1,0,0,0,0,0
2audio_14.wav,0,0,0,1,0,0,0,0,0
2audio_15.wav,0,0,0,1,0,0,0,0,0
2audio_16.wav,1,0,1,1,0,1,0,0,0
2audio_17.wav,0,0,0,1,0,0,0,0,0
2audio_18.wav,1,0,0,1,0,0,0,0,0
2audio_19.wav,0,1,0,1,0,0,0,1,0
2audio_20.wav,1,0,1,1,0,0,0,0,0
2audio_21.wav,0,0,1,1,0,0,0,1,0
2audio_22.wav,0,0,1,1,0,1,0,0,0
2audio_23.wav,0,0,0,1,0,0,0,0,0
2audio_24.wav,0,0,0,1,0,0,0,0,0
2audio_25.wav,0,0,0,1,0,0,0,0,0
2audio_26.wav,0,0,1,1,1,1,0,0,0
2audio_27.wav,0,0,0,1,0,0,0,1,0
2audio_28.wav,1,1,1,1,1,1,1,1,1
2audio_29.wav,0,0,0,1,0,0,0,0,0
2audio_30.wav,0,0,0,1,0,0,0,0,0
2audio_31.wav,0,1,0,1,0,1,0,0,0
2audio_32.wav,0,0,1,1,0,1,0,0,0
2audio_33.wav,0,0,0,1,0,0,0,0,0
2audio_34.wav,1,0,1,1,0,1,0,0,0
2audio_35.wav,0,1,0,1,0,1,0,0,0
2audio_36.wav,0,0,0,1,0,0,0,0,0
2audio_37.wav,0,0,0,1,0,0,0,0,0
2audio_38.wav,0,1,0,1,0,0,0,1,0
2audio_39.wav,0,0,1,1,0,1,0,0,0
2audio_40.wav,1,0,1,1,0,1,0,0,0
2audio_41.wav,0,0,0,1,0,1,0,0,0
2audio_42.wav,0,0,0,1,0,0,0,0,0
2audio_43.wav,0,0,0,1,1,0,0,0,0
2audio_44.wav,0,0,0,1,0,0,0,0,0
2audio_45.wav,0,0,0,1,0,0,0,0,0
2audio_46.wav,1,0,0,1,0,1,0,0,0
2audio_47.wav,0,0,0,1,0,0,0,0,0
2audio_48.wav,0,0,1,1,0,0,0,0,0
2audio_49.wav,0,0,0,0,0,1,0,0,0
2audio_50.wav,0,0,0,1,0,0,0,0,0
2audio_51.wav,1,0,1,1,0,0,0,0,0
2audio_52.wav,0,1,0,0,0,1,0,0,0
2audio_53.wav,0,0,0,1,0,0,0,1,0
2audio_54.wav,0,0,0,0,0,0,0,0,0
2audio_55.wav,0,0,0,0,0,0,0,0,0
2audio_56.wav,0,0,0,0,0,0,0,0,0
2audio_57.wav,0,0,0,0,0,0,0,0,0
2audio_58.wav,0,0,0,0,0,0,0,0,0
2audio_59.wav,0,0,0,0,0,0,0,0,0
2audio_60.wav,0,0,0,0,0,0,0,0,0
2audio_61.wav,0,0,0,0,0,0,0,0,0
2audio_62.wav,0,0,0,0,0,0,0,0,0
2audio_63.wav,0,0,0,0,0,0,0,0,0
2audio_64.wav,0,0,0,0,0,0,0,0,0
2audio_65.wav,0,0,0,0,0,0,0,0,0
2audio_66.wav,0,0,0,0,0,0,0,0,0
2audio_67.wav,0,0,0,0,0,0,0,0,0
2audio_68.wav,0,0,0,0,0,0,0,0,0
2audio_69.wav,0,0,0,0,0,0,0,0,0
2audio_70.wav,0,0,0,0,0,0,0,0,0
2audio_71.wav,0,0,0,0,0,0,0,0,0
2audio_72.wav,0,0,0,0,0,0,0,0,0
2audio_73.wav,0,0,0,0,0,0,0,0,0
2audio_74.wav,0,0,0,0,0,0,0,0,0
2audio_75.wav,0,0,0,0,0,0,0,0,0
2audio_76.wav,0,0,0,0,0,0,0,0,0
3audio_2.wav,0,0,0,1,0,0,0,0,0
3audio_3.wav,0,0,0,1,0,0,0,0,0
3audio_4.wav,0,0,0,0,0,1,0,0,0
3audio_5.wav,0,1,1,0,0,0,0,0,0
3audio_6.wav,0,1,1,0,0,1,0,0,0
3audio_7.wav,0,0,0,0,0,0,0,0,0
3audio_8.wav,0,0,0,0,0,0,0,0,0
3audio_9.wav,0,0,0,1,0,0,0,1,0
3audio_10.wav,0,0,0,1,0,0,1,0,0
3audio_11.wav,0,0,0,1,0,0,0,0,0
3audio_12.wav,0,0,0,0,0,0,0,0,0
3audio_13.wav,0,0,0,1,0,1,0,0,0
3audio_14.wav,1,0,1,0,0,0,0,0,0
3audio_15.wav,0,0,1,1,0,1,0,0,0
3audio_16.wav,0,0,0,1,0,0,0,0,0
3audio_17.wav,0,0,0,1,0,1,0,0,0
3audio_18.wav,1,0,0,0,0,1,0,0,0
3audio_19.wav,0,0,0,1,0,1,0,0,0
3audio_20.wav,0,0,1,0,0,1,0,0,0
3audio_21.wav,0,0,0,0,0,0,0,0,0
3audio_22.wav,0,0,1,1,0,1,0,0,0
3audio_23.wav,0,0,0,0,0,0,0,0,0
3audio_24.wav,0,0,0,0,0,1,0,0,0
3audio_25.wav,0,0,0,0,0,1,0,0,0
3audio_26.wav,0,0,0,1,0,0,0,0,0
3audio_27.wav,0,0,0,1,0,1,0,1,0
3audio_28.wav,0,0,0,1,0,0,0,0,0
3audio_29.wav,0,0,0,0,0,1,0,0,0
3audio_30.wav,0,1,0,0,0,1,0,0,0
3audio_31.wav,0,0,0,0,0,0,0,1,0
3audio_32.wav,0,0,0,0,0,0,0,1,0
3audio_33.wav,1,1,0,0,1,0,0,0,0
3audio_34.wav,0,1,0,0,0,1,0,0,0
3audio_35.wav,1,0,1,0,0,1,0,0,0
3audio_36.wav,1,0,0,0,0,1,0,0,0
3audio_37.wav,0,0,0,1,0,0,0,1,0
3audio_38.wav,0,0,0,1,0,0,0,0,0
3audio_39.wav,0,0,1,1,0,0,0,0,0
3audio_40.wav,0,0,0,1,0,0,0,0,0
3audio_41.wav,0,0,1,0,0,1,0,0,0
3audio_42.wav,0,0,0,1,0,0,0,0,0
3audio_43.wav,0,0,0,1,0,0,0,0,0
3audio_44.wav,0,0,0,0,0,0,0,0,0
3audio_45.wav,0,0,0,1,0,0,0,1,0
3audio_46.wav,1,0,1,1,0,1,0,0,0
3audio_47.wav,0,0,0,0,0,0,0,0,0
3audio_48.wav,0,0,0,1,0,0,0,0,0
3audio_49.wav,0,0,0,0,0,1,0,0,0
3audio_50.wav,0,0,0,0,0,1,0,0,0
3audio_51.wav,1,0,1,1,0,1,0,0,0
3audio_52.wav,1,0,1,1,0,1,0,0,0
3audio_53.wav,0,0,0,1,0,0,0,0,0
3audio_54.wav,0,0,0,0,0,0,0,0,0
3audio_55.wav,0,0,0,0,0,0,0,0,0
3audio_56.wav,0,0,0,0,0,0,0,0,0
3audio_57.wav,0,0,0,0,0,0,0,0,0
3audio_58.wav,0,0,0,0,0,0,0,0,0
3audio_59.wav,0,0,0,0,0,0,0,0,0
3audio_60.wav,0,0,0,0,0,0,0,0,0
3audio_61.wav,0,0,0,0,0,0,0,0,0
3audio_62.wav,0,0,0,0,0,0,0,0,0
3audio_63.wav,0,0,0,0,0,0,0,0,0
3audio_64.wav,0,0,0,0,0,0,0,0,0
3audio_65.wav,0,0,0,0,0,0,0,0,0
3audio_66.wav,0,0,0,0,0,0,0,0,0
3audio_67.wav,0,0,0,0,0,0,0,0,0
3audio_68.wav,0,0,0,0,0,0,0,0,0
3audio_69.wav,0,0,0,0,0,0,0,0,0
3audio_70.wav,0,0,0,0,0,0,0,0,0
3audio_71.wav,0,0,0,0,0,0,0,0,0
3audio_72.wav,0,0,0,0,0,0,0,0,0
3audio_73.wav,0,0,0,0,0,0,0,0,0
3audio_74.wav,0,0,0,0,0,0,0,0,0
3audio_75.wav,0,0,0,0,0,0,0,0,0
3audio_76.wav,0,0,0,0,0,0,0,0,0
4audio_2.wav,1,1,1,0,1,1,0,0,0
4audio_3.wav,1,0,1,1,0,1,0,0,0
4audio_4.wav,0,0,0,0,0,0,0,0,0
4audio_5.wav,0,0,0,0,0,0,0,0,0
4audio_6.wav,1,0,1,0,0,1,0,0,0
4audio_7.wav,0,0,1,0,0,1,0,0,0
4audio_8.wav,1,0,1,0,0,1,0,0,0
4audio_9.wav,1,0,1,0,0,1,1,0,0
4audio_10.wav,1,0,1,1,0,1,1,0,0
4audio_11.wav,0,0,0,0,0,0,0,0,0
4audio_12.wav,1,0,1,0,0,1,0,0,0
4audio_13.wav,1,0,1,0,0,1,0,0,0
4audio_14.wav,0,0,0,0,0,1,0,0,0
4audio_15.wav,1,0,1,0,0,1,0,0,0
4audio_16.wav,1,0,1,0,0,1,0,0,0
4audio_17.wav,1,0,1,0,0,1,0,0,0
4audio_18.wav,0,0,0,0,0,1,0,0,0
4audio_19.wav,1,0,1,0,0,1,0,0,0
4audio_20.wav,1,0,1,0,0,1,0,0,0
4audio_21.wav,1,0,1,0,0,1,0,0,0
4audio_22.wav,0,1,1,1,1,1,0,1,0
4audio_23.wav,0,0,0,0,0,1,0,0,0
4audio_24.wav,0,0,0,1,0,0,0,0,0
4audio_25.wav,0,0,1,1,0,1,0,0,0
4audio_26.wav,1,0,1,0,0,1,0,0,0
4audio_27.wav,1,0,1,0,0,1,0,0,0
4audio_28.wav,1,0,1,0,0,1,0,0,0
4audio_29.wav,0,0,1,1,0,1,1,0,0
4audio_30.wav,1,0,1,1,0,1,0,0,0
4audio_31.wav,1,0,1,0,0,1,0,0,0
4audio_32.wav,1,0,1,0,0,1,0,0,0
4audio_33.wav,1,0,1,0,0,1,0,0,0
4audio_34.wav,1,0,0,0,0,1,0,0,0
4audio_35.wav,1,0,1,0,0,1,0,0,0
4audio_36.wav,1,0,1,0,0,1,0,0,0
4audio_37.wav,0,0,0,0,0,1,0,0,0
4audio_38.wav,1,0,1,0,0,1,0,0,0
4audio_39.wav,0,0,1,0,0,1,0,0,0
4audio_40.wav,0,0,0,0,0,1,0,0,0
4audio_41.wav,0,0,0,0,0,1,0,0,0
4audio_42.wav,0,0,0,0,0,0,0,0,0
4audio_43.wav,0,0,0,0,0,1,0,0,0
4audio_44.wav,1,0,1,0,0,1,0,0,0
4audio_45.wav,1,1,1,1,1,1,1,1,1
4audio_46.wav,1,0,1,0,0,1,0,0,0
4audio_47.wav,0,0,0,0,0,0,0,0,0
4audio_48.wav,0,0,1,0,0,1,0,0,0
4audio_49.wav,1,1,1,1,1,1,1,1,1
4audio_50.wav,0,0,0,0,0,1,1,0,0
4audio_51.wav,1,0,1,0,0,1,0,0,0
4audio_52.wav,0,0,0,0,0,0,0,0,0
4audio_53.wav,1,0,1,0,0,1,0,0,0
4audio_54.wav,0,0,0,0,0,0,0,0,0
4audio_55.wav,0,0,0,0,0,0,0,0,0
4audio_56.wav,0,0,0,0,0,0,0,0,0
4audio_57.wav,0,0,0,0,0,0,0,0,0
4audio_58.wav,0,0,0,0,0,0,0,0,0
4audio_59.wav,0,0,0,0,0,0,0,0,0
4audio_60.wav,0,0,0,0,0,0,0,0,0
4audio_61.wav,0,0,0,0,0,0,0,0,0
4audio_62.wav,0,0,0,0,0,0,0,0,0
4audio_63.wav,0,0,0,0,0,0,0,0,0
4audio_64.wav,0,0,0,0,0,0,0,0,0
4audio_65.wav,0,0,0,0,0,0,0,0,0
4audio_66.wav,0,0,0,0,0,0,0,0,0
4audio_67.wav,0,0,0,0,0,0,0,0,0
4audio_68.wav,0,0,0,0,0,0,0,0,0
4audio_69.wav,0,0,0,0,0,0,0,0,0
4audio_70.wav,0,0,0,0,0,0,0,0,0
4audio_71.wav,0,0,0,0,0,0,0,0,0
4audio_72.wav,0,0,0,0,0,0,0,0,0
4audio_73.wav,0,0,0,0,0,0,0,0,0
4audio_74.wav,0,0,0,0,0,0,0,0,0
4audio_75.wav,0,0,0,0,0,0,0,0,0
4audio_76.wav,0,0,0,0,0,0,0,0,0
5audio_2.wav,0,0,1,0,0,1,0,0,0
5audio_3.wav,1,0,1,0,0,1,0,0,0
5audio_4.wav,0,0,0,0,0,0,0,0,0
5audio_5.wav,0,0,0,1,0,0,0,0,0
5audio_6.wav,1,1,1,1,1,1,1,1,1
5audio_7.wav,0,0,0,0,0,0,0,1,0
5audio_8.wav,0,0,0,0,0,0,0,0,0
5audio_9.wav,1,0,1,0,0,0,0,0,0
5audio_10.wav,1,0,1,1,0,1,1,0,0
5audio_11.wav,0,0,0,0,0,0,0,0,0
5audio_12.wav,0,0,0,0,0,0,0,0,0
5audio_13.wav,1,0,1,0,0,1,0,1,0
5audio_14.wav,0,0,0,0,0,0,0,0,0
5audio_15.wav,1,0,1,1,0,1,0,1,0
5audio_16.wav,1,0,1,0,0,1,0,0,0
5audio_17.wav,0,0,0,0,0,0,0,0,0
5audio_18.wav,0,0,0,0,0,1,0,0,0
5audio_19.wav,0,0,1,0,0,1,0,1,0
5audio_20.wav,0,0,0,0,0,0,0,0,0
5audio_21.wav,1,0,1,1,0,1,0,0,0
5audio_22.wav,0,0,1,1,1,1,0,1,0
5audio_23.wav,0,0,0,0,0,0,0,0,0
5audio_24.wav,0,0,0,0,0,0,0,0,0
5audio_25.wav,0,0,1,0,0,0,1,0,0
5audio_26.wav,0,0,1,0,0,0,0,0,0
5audio_27.wav,0,0,0,0,0,0,0,0,0
5audio_28.wav,0,0,1,0,0,0,1,0,0
5audio_29.wav,0,0,0,0,0,0,0,0,0
5audio_30.wav,0,0,0,0,0,0,0,0,0
5audio_31.wav,1,0,0,0,0,0,0,0,0
5audio_32.wav,1,0,0,0,0,0,0,0,0
5audio_33.wav,0,0,0,0,0,0,0,0,0
5audio_34.wav,0,0,0,0,0,1,0,0,0
5audio_35.wav,0,0,0,0,0,0,0,0,0
5audio_36.wav,0,0,0,0,0,0,0,0,0
5audio_37.wav,0,0,1,0,0,1,0,1,0
5audio_38.wav,0,0,1,0,0,1,1,1,0
5audio_39.wav,0,0,1,0,0,1,1,0,0
5audio_40.wav,0,0,0,0,0,0,0,0,0
5audio_41.wav,1,0,1,0,0,1,0,0,0
5audio_42.wav,0,0,0,0,0,0,0,0,0
5audio_43.wav,0,0,0,0,0,0,1,0,0
5audio_44.wav,0,0,0,0,0,0,1,0,0
5audio_45.wav,0,0,0,0,0,0,1,0,0
5audio_46.wav,0,0,0,0,0,0,1,0,0
5audio_47.wav,0,0,0,0,0,1,1,0,0
5audio_48.wav,0,0,1,0,0,0,1,0,0
5audio_49.wav,1,0,1,1,0,1,0,0,0
5audio_50.wav,1,0,1,1,0,0,1,0,0
5audio_51.wav,1,0,1,0,0,1,1,0,0
5audio_52.wav,1,0,0,0,0,0,0,0,0
5audio_53.wav,0,0,0,0,0,0,0,1,0
5audio_54.wav,0,0,0,0,0,0,0,0,0
5audio_55.wav,0,0,0,0,0,0,0,0,0
5audio_56.wav,0,0,0,0,0,0,0,0,0
5audio_57.wav,0,0,0,0,0,0,0,0,0
5audio_58.wav,0,0,0,0,0,0,0,0,0
5audio_59.wav,0,0,0,0,0,0,0,0,0
5audio_60.wav,0,0,0,0,0,0,0,0,0
5audio_61.wav,0,0,0,0,0,0,0,0,0
5audio_62.wav,0,0,0,0,0,0,0,0,0
5audio_63.wav,0,0,0,0,0,0,0,0,0
5audio_64.wav,0,0,0,0,0,0,0,0,0
5audio_65.wav,0,0,0,0,0,0,0,0,0
5audio_66.wav,0,0,0,0,0,0,0,0,0
5audio_67.wav,0,0,0,0,0,0,0,0,0
5audio_68.wav,0,0,0,0,0,0,0,0,0
5audio_69.wav,0,0,0,0,0,0,0,0,0
5audio_70.wav,0,0,0,0,0,0,0,0,0
5audio_71.wav,0,0,0,0,0,0,0,0,0
5audio_72.wav,0,0,0,0,0,0,0,0,0
5audio_73.wav,0,0,0,0,0,0,0,0,0
5audio_74.wav,0,0,0,0,0,0,0,0,0
5audio_75.wav,0,0,0,0,0,0,0,0,0
5audio_76.wav,0,0,0,0,0,0,0,0,0
6audio_2.wav,0,0,0,0,0,0,0,0,0
6audio_3.wav,0,0,0,0,0,0,0,0,0
6audio_4.wav,0,0,0,0,0,0,0,0,0
6audio_5.wav,0,0,0,1,0,0,0,0,0
6audio_6.wav,0,0,0,0,0,0,0,0,0
6audio_7.wav,1,0,1,1,0,1,0,1,0
6audio_8.wav,1,0,1,0,0,1,0,0,0
6audio_9.wav,0,0,0,1,0,0,0,0,0
6audio_10.wav,1,0,1,1,0,1,0,0,0
6audio_11.wav,0,0,0,0,0,0,0,0,0
6audio_12.wav,0,0,0,1,0,0,0,0,0
6audio_13.wav,1,0,1,1,0,1,0,0,0
6audio_14.wav,0,0,0,1,0,0,0,0,0
6audio_15.wav,1,0,1,1,0,1,0,1,0
6audio_16.wav,1,0,1,1,1,1,0,0,0
6audio_17.wav,1,0,1,1,1,1,0,0,0
6audio_18.wav,1,0,1,1,1,1,0,0,0
6audio_19.wav,1,0,0,1,1,1,0,0,0
6audio_20.wav,0,0,0,1,0,0,0,0,0
6audio_21.wav,0,0,1,1,1,1,0,0,0
6audio_22.wav,0,1,1,1,1,1,1,1,0
6audio_23.wav,0,0,0,0,1,0,0,0,0
6audio_24.wav,0,0,0,0,0,0,1,0,0
6audio_25.wav,0,1,1,0,1,1,1,0,0
6audio_26.wav,1,0,0,1,1,1,0,0,0
6audio_27.wav,1,0,1,1,1,0,0,0,0
6audio_28.wav,1,0,0,1,1,1,0,0,0
6audio_29.wav,1,0,0,1,1,1,0,0,0
6audio_30.wav,1,0,0,1,1,1,0,0,0
6audio_31.wav,1,0,0,1,1,1,0,0,0
6audio_32.wav,0,0,0,1,1,0,0,0,0
6audio_33.wav,1,0,0,1,1,1,0,0,0
6audio_34.wav,1,0,0,0,0,0,1,0,0
6audio_35.wav,1,0,0,1,1,1,0,1,0
6audio_36.wav,0,0,0,1,1,0,0,0,0
6audio_37.wav,1,0,0,1,1,1,0,0,0
6audio_38.wav,0,1,0,1,1,1,1,1,0
6audio_39.wav,0,0,0,1,1,0,1,0,0
6audio_40.wav,0,0,0,1,0,0,0,0,0
6audio_41.wav,0,1,0,1,1,1,0,0,0
6audio_42.wav,1,0,0,1,1,1,0,0,0
6audio_43.wav,1,0,0,1,1,1,0,0,0
6audio_44.wav,1,0,0,1,1,1,0,0,0
6audio_45.wav,1,0,0,1,1,1,0,0,0
6audio_46.wav,1,0,1,1,1,1,0,0,0
6audio_47.wav,1,0,0,1,1,1,0,0,0
6audio_48.wav,0,0,1,0,0,0,0,0,0
6audio_49.wav,1,0,1,1,1,1,0,0,0
6audio_50.wav,1,0,0,1,1,1,0,1,0
6audio_51.wav,1,0,1,1,1,1,1,0,0
6audio_52.wav,0,0,0,0,0,0,0,0,0
6audio_53.wav,1,0,0,1,1,1,0,0,0
6audio_54.wav,0,0,0,0,0,0,0,0,0
6audio_55.wav,0,0,0,0,0,0,0,0,0
6audio_56.wav,0,0,0,0,0,0,0,0,0
6audio_57.wav,0,0,0,0,0,0,0,0,0
6audio_58.wav,0,0,0,0,0,0,0,0,0
6audio_59.wav,0,0,0,0,0,0,0,0,0
6audio_60.wav,0,0,0,0,0,0,0,0,0
6audio_61.wav,0,0,0,0,0,0,0,0,0
6audio_62.wav,0,0,0,0,0,0,0,0,0
6audio_63.wav,0,0,0,0,0,0,0,0,0
6audio_64.wav,0,0,0,0,0,0,0,0,0
6audio_65.wav,0,0,0,0,0,0,0,0,0
6audio_66.wav,0,0,0,0,0,0,0,0,0
6audio_67.wav,0,0,0,0,0,0,0,0,0
6audio_68.wav,0,0,0,0,0,0,0,0,0
6audio_69.wav,0,0,0,0,0,0,0,0,0
6audio_70.wav,0,0,0,0,0,0,0,0,0
6audio_71.wav,0,0,0,0,0,0,0,0,0
6audio_72.wav,0,0,0,0,0,0,0,0,0
6audio_73.wav,0,0,0,0,0,0,0,0,0
6audio_74.wav,0,0,0,0,0,0,0,0,0
6audio_75.wav,0,0,0,0,0,0,0,0,0
6audio_76.wav,0,0,0,0,0,0,0,0,0
7audio_2.wav,0,0,0,1,0,0,0,0,0
7audio_3.wav,0,0,1,1,0,0,0,0,0
7audio_4.wav,0,0,0,0,0,0,0,0,0
7audio_5.wav,0,0,0,0,0,0,0,0,0
7audio_6.wav,0,0,1,0,0,0,0,0,0
7audio_7.wav,0,0,1,1,0,0,0,0,0
7audio_8.wav,1,0,1,1,1,0,0,0,0
7audio_9.wav,0,0,1,1,0,0,0,0,0
7audio_10.wav,0,0,1,1,0,0,0,0,0
7audio_11.wav,0,0,0,0,0,0,0,0,0
7audio_12.wav,1,0,0,0,1,0,0,0,0
7audio_13.wav,0,0,1,0,0,0,0,0,0
7audio_14.wav,1,0,1,0,0,0,0,0,0
7audio_15.wav,0,0,1,1,0,0,0,0,0
7audio_16.wav,1,0,1,1,1,1,0,0,0
7audio_17.wav,0,0,0,1,0,0,0,0,0
7audio_18.wav,1,0,0,1,1,0,0,0,0
7audio_19.wav,0,0,0,0,0,0,0,0,0
7audio_20.wav,0,0,1,0,0,0,0,0,0
7audio_21.wav,0,0,0,1,0,0,0,0,0
7audio_22.wav,0,0,1,1,1,1,1,0,0
7audio_23.wav,0,0,0,0,0,0,0,0,0
7audio_24.wav,0,0,0,1,0,0,0,0,0
7audio_25.wav,0,0,1,1,0,0,0,0,0
7audio_26.wav,0,0,0,1,0,0,0,0,0
7audio_27.wav,0,0,0,0,0,0,0,0,0
7audio_28.wav,0,0,0,0,0,0,0,0,0
7audio_29.wav,0,0,1,1,0,0,0,0,0
7audio_30.wav,0,0,1,1,0,0,0,0,0
7audio_31.wav,0,0,0,0,0,0,0,0,0
7audio_32.wav,0,0,1,1,0,0,0,0,0
7audio_33.wav,1,0,1,1,1,0,0,0,0
7audio_34.wav,0,0,1,1,0,0,1,0,0
7audio_35.wav,1,0,0,1,1,0,0,0,0
7audio_36.wav,0,0,0,0,0,0,0,0,0
7audio_37.wav,0,0,1,1,0,0,0,0,0
7audio_38.wav,0,0,0,1,1,0,1,0,0
7audio_39.wav,0,0,1,0,0,0,0,0,0
7audio_40.wav,0,0,0,0,0,0,0,0,0
7audio_41.wav,0,0,1,1,1,0,0,0,0
7audio_42.wav,0,0,1,0,0,0,0,0,0
7audio_43.wav,1,0,1,1,1,1,0,0,0
7audio_44.wav,0,0,0,1,0,0,0,0,0
7audio_45.wav,0,0,0,1,0,0,0,0,0
7audio_46.wav,1,0,1,1,0,0,0,0,0
7audio_47.wav,0,0,1,0,0,0,0,0,0
7audio_48.wav,0,1,0,1,1,0,0,0,0
7audio_49.wav,1,0,1,1,1,1,0,0,0
7audio_50.wav,1,0,1,1,1,0,0,0,0
7audio_51.wav,1,0,0,0,0,0,0,0,0
7audio_52.wav,1,0,1,0,1,1,0,0,0
7audio_53.wav,0,0,0,1,1,0,0,0,0
7audio_54.wav,0,0,0,0,0,0,0,0,0
7audio_55.wav,0,0,0,0,0,0,0,0,0
7audio_56.wav,0,0,0,0,0,0,0,0,0
7audio_57.wav,0,0,0,0,0,0,0,0,0
7audio_58.wav,0,0,0,0,0,0,0,0,0
7audio_59.wav,0,0,0,0,0,0,0,0,0
7audio_60.wav,0,0,0,0,0,0,0,0,0
7audio_61.wav,0,0,0,0,0,0,0,0,0
7audio_62.wav,0,0,0,0,0,0,0,0,0
7audio_63.wav,0,0,0,0,0,0,0,0,0
7audio_64.wav,0,0,0,0,0,0,0,0,0
7audio_65.wav,0,0,0,0,0,0,0,0,0
7audio_66.wav,0,0,0,0,0,0,0,0,0
7audio_67.wav,0,0,0,0,0,0,0,0,0
7audio_68.wav,0,0,0,0,0,0,0,0,0
7audio_69.wav,0,0,0,0,0,0,0,0,0
7audio_70.wav,0,0,0,0,0,0,0,0,0
7audio_71.wav,0,0,0,0,0,0,0,0,0
7audio_72.wav,0,0,0,0,0,0,0,0,0
7audio_73.wav,0,0,0,0,0,0,0,0,0
7audio_74.wav,0,0,0,0,0,0,0,0,0
7audio_75.wav,0,0,0,0,0,0,0,0,0
7audio_76.wav,0,0,0,0,0,0,0,0,0
8audio_2.wav,1,0,1,0,1,1,0,0,0
8audio_3.wav,0,0,1,1,1,1,1,0,0
8audio_4.wav,0,0,0,0,0,0,0,0,0
8audio_5.wav,0,0,0,1,0,0,0,0,0
8audio_6.wav,1,0,1,0,1,1,0,0,0
8audio_7.wav,0,0,1,1,1,1,0,0,0
8audio_8.wav,1,0,1,0,1,1,0,0,0
8audio_9.wav,1,0,1,0,1,1,0,0,0
8audio_10.wav,1,0,1,0,1,1,0,0,0
8audio_11.wav,0,0,0,1,0,0,0,0,0
8audio_12.wav,0,0,0,0,0,0,0,0,0
8audio_13.wav,1,0,1,0,1,1,0,0,0
8audio_14.wav,1,0,1,1,1,1,0,0,0
8audio_15.wav,1,0,1,1,1,1,1,1,0
8audio_16.wav,0,0,0,1,0,0,0,0,0
8audio_17.wav,0,0,0,0,0,0,0,1,0
8audio_18.wav,1,1,1,1,1,1,0,0,0
8audio_19.wav,1,0,1,0,1,1,0,0,0
8audio_20.wav,1,0,1,1,1,1,0,0,0
8audio_21.wav,1,0,1,1,1,1,1,0,0
8audio_22.wav,0,1,1,1,1,1,0,1,0
8audio_23.wav,0,0,0,0,0,0,1,0,0
8audio_24.wav,0,0,1,1,0,0,1,0,0
8audio_25.wav,0,1,1,1,1,1,0,0,0
8audio_26.wav,1,0,1,0,1,1,0,0,0
8audio_27.wav,1,0,1,1,1,1,0,0,0
8audio_28.wav,1,0,1,0,1,1,0,0,0
8audio_29.wav,0,0,0,0,0,0,0,0,0
8audio_30.wav,1,0,1,0,1,1,0,0,0
8audio_31.wav,1,0,1,0,1,1,0,0,0
8audio_32.wav,0,0,0,0,0,0,0,0,0
8audio_33.wav,1,0,0,0,0,1,0,0,0
8audio_34.wav,1,0,1,1,0,0,0,0,0
8audio_35.wav,1,0,1,1,1,1,0,0,0
8audio_36.wav,1,0,0,0,1,1,0,0,0
8audio_37.wav,1,0,1,1,1,1,0,0,0
8audio_38.wav,0,0,1,1,1,1,0,1,0
8audio_39.wav,0,0,1,1,1,1,0,1,0
8audio_40.wav,1,0,1,1,1,1,0,0,0
8audio_41.wav,0,0,1,1,1,1,0,0,0
8audio_42.wav,0,0,1,0,1,1,0,0,0
8audio_43.wav,1,0,1,0,1,1,0,0,0
8audio_44.wav,0,0,0,1,1,1,0,0,0
8audio_45.wav,0,0,0,0,0,0,0,0,0
8audio_46.wav,1,0,1,0,1,1,0,1,0
8audio_47.wav,0,0,1,1,1,1,0,1,0
8audio_48.wav,0,0,1,1,1,1,1,0,0
8audio_49.wav,1,1,1,1,1,1,1,1,1
8audio_50.wav,0,0,0,1,0,0,1,0,0
8audio_51.wav,1,0,1,1,1,1,0,0,0
8audio_52.wav,1,0,1,1,1,1,0,1,0
8audio_53.wav,1,0,1,0,0,1,0,1,0
8audio_54.wav,0,0,0,0,0,0,0,0,0
8audio_55.wav,0,0,0,0,0,0,0,0,0
8audio_56.wav,0,0,0,0,0,0,0,0,0
8audio_57.wav,0,0,0,0,0,0,0,0,0
8audio_58.wav,0,0,0,0,0,0,0,0,0
8audio_59.wav,0,0,0,0,0,0,0,0,0
8audio_60.wav,0,0,0,0,0,0,0,0,0
8audio_61.wav,0,0,0,0,0,0,0,0,0
8audio_62.wav,0,0,0,0,0,0,0,0,0
8audio_63.wav,0,0,0,0,0,0,0,0,0
8audio_64.wav,0,0,0,0,0,0,0,0,0
8audio_65.wav,0,0,0,0,0,0,0,0,0
8audio_66.wav,0,0,0,0,0,0,0,0,0
8audio_67.wav,0,0,0,0,0,0,0,0,0
8audio_68.wav,0,0,0,0,0,0,0,0,0
8audio_69.wav,0,0,0,0,0,0,0,0,0
8audio_70.wav,0,0,0,0,0,0,0,0,0
8audio_71.wav,0,0,0,0,0,0,0,0,0
8audio_72.wav,0,0,0,0,0,0,0,0,0
8audio_73.wav,0,0,0,0,0,0,0,0,0
8audio_74.wav,0,0,0,0,0,0,0,0,0
8audio_75.wav,0,0,0,0,0,0,0,0,0
8audio_76.wav,0,0,0,0,0,0,0,0,0
9audio_2.wav,0,0,1,0,0,1,0,0,0
9audio_3.wav,1,0,0,0,1,0,1,0,0
9audio_4.wav,0,0,0,0,0,0,0,0,0
9audio_5.wav,0,0,0,0,0,0,0,0,0
9audio_6.wav,1,0,0,0,1,1,1,0,0
9audio_7.wav,1,0,1,0,1,1,1,1,0
9audio_8.wav,1,0,0,0,1,1,0,1,0
9audio_9.wav,0,0,0,0,1,1,1,0,0
9audio_10.wav,1,0,1,0,1,1,1,0,0
9audio_11.wav,0,0,0,0,0,1,0,0,0
9audio_12.wav,0,0,0,0,0,0,1,0,0
9audio_13.wav,1,0,1,1,1,1,0,1,0
9audio_14.wav,0,0,0,1,0,0,0,0,0
9audio_15.wav,0,0,1,1,1,1,1,0,0
9audio_16.wav,1,0,1,1,1,1,1,0,0
9audio_17.wav,0,0,0,0,0,1,0,0,0
9audio_18.wav,1,0,1,0,1,1,0,0,0
9audio_19.wav,0,0,1,0,1,1,1,0,0
9audio_20.wav,0,0,0,0,0,0,0,0,0
9audio_21.wav,0,0,1,0,1,1,1,0,0
9audio_22.wav,0,0,1,1,1,1,1,1,0
9audio_23.wav,0,0,0,1,0,0,0,0,0
9audio_24.wav,0,0,0,1,0,0,1,0,1
9audio_25.wav,0,0,0,1,1,1,0,0,0
9audio_26.wav,1,0,0,0,1,1,1,0,0
9audio_27.wav,1,0,1,1,1,1,1,0,0
9audio_28.wav,1,0,1,0,1,1,1,0,0
9audio_29.wav,0,0,1,0,1,1,1,0,0
9audio_30.wav,1,0,1,0,1,1,1,0,0
9audio_31.wav,0,0,1,0,1,1,1,0,0
9audio_32.wav,0,0,0,1,0,1,0,0,0
9audio_33.wav,1,0,1,0,1,1,1,0,0
9audio_34.wav,1,0,1,0,1,1,1,0,0
9audio_35.wav,1,0,1,0,1,1,1,0,0
9audio_36.wav,1,0,1,0,1,1,1,0,0
9audio_37.wav,0,0,0,1,0,0,1,0,0
9audio_38.wav,0,0,0,1,0,0,1,0,0
9audio_39.wav,1,0,0,1,1,0,1,0,0
9audio_40.wav,0,0,0,0,0,1,0,0,0
9audio_41.wav,1,0,1,1,0,1,1,1,0
9audio_42.wav,1,0,1,0,1,1,1,0,0
9audio_43.wav,1,0,1,0,1,1,0,0,0
9audio_44.wav,1,0,1,1,1,1,1,0,0
9audio_45.wav,0,0,0,1,0,1,0,0,0
9audio_46.wav,1,0,1,1,1,1,0,1,0
9audio_47.wav,0,0,0,1,0,1,0,0,0
9audio_48.wav,1,0,1,1,1,1,0,0,0
9audio_49.wav,1,0,1,1,1,1,1,0,0
9audio_50.wav,0,0,0,1,0,0,1,0,0
9audio_51.wav,1,0,1,1,1,1,1,0,0
9audio_52.wav,1,0,0,0,1,0,1,0,0
9audio_53.wav,1,0,1,1,1,1,1,0,0
9audio_54.wav,0,0,0,0,0,0,0,0,0
9audio_55.wav,0,0,0,0,0,0,0,0,0
9audio_56.wav,0,0,0,0,0,0,0,0,0
9audio_57.wav,0,0,0,0,0,0,0,0,0
9audio_58.wav,0,0,0,0,0,0,0,0,0
9audio_59.wav,0,0,0,0,0,0,0,0,0
9audio_60.wav,0,0,0,0,0,0,0,0,0
9audio_61.wav,0,0,0,0,0,0,0,0,0
9audio_62.wav,0,0,0,0,0,0,0,0,0
9audio_63.wav,0,0,0,0,0,0,0,0,0
9audio_64.wav,0,0,0,0,0,0,0,0,0
9audio_65.wav,0,0,0,0,0,0,0,0,0
9audio_66.wav,0,0,0,0,0,0,0,0,0
9audio_67.wav,0,0,0,0,0,0,0,0,0
9audio_68.wav,0,0,0,0,0,0,0,0,0
9audio_69.wav,0,0,0,0,0,0,0,0,0
9audio_70.wav,0,0,0,0,0,0,0,0,0
9audio_71.wav,0,0,0,0,0,0,0,0,0
9audio_72.wav,0,0,0,0,0,0,0,0,0
9audio_73.wav,0,0,0,0,0,0,0,0,0
9audio_74.wav,0,0,0,0,0,0,0,0,0
9audio_75.wav,0,0,0,0,0,0,0,0,0
9audio_76.wav,0,0,0,0,0,0,0,0,0
10audio_2.wav,0,0,0,1,0,1,0,0,0
10audio_3.wav,1,0,0,0,0,0,0,0,0
10audio_4.wav,0,0,0,0,0,0,0,0,0
10audio_5.wav,1,0,0,0,0,0,0,0,0
10audio_6.wav,1,1,0,0,0,1,0,0,0
10audio_7.wav,1,0,0,0,0,0,0,0,0
10audio_8.wav,1,0,0,0,0,1,0,0,0
10audio_9.wav,0,1,0,0,0,1,0,0,0
10audio_10.wav,0,1,0,0,0,1,0,0,0
10audio_11.wav,0,0,0,0,0,0,0,0,0
10audio_12.wav,0,0,0,0,0,0,0,0,0
10audio_13.wav,0,0,0,0,0,0,0,0,0
10audio_14.wav,1,0,0,0,0,0,0,0,0
10audio_15.wav,0,1,0,0,0,1,1,0,0
10audio_16.wav,1,0,1,0,1,1,0,0,0
10audio_17.wav,1,0,1,0,1,1,0,0,0
10audio_18.wav,0,1,0,0,1,1,0,0,0
10audio_19.wav,0,0,0,1,1,1,0,0,0
10audio_20.wav,1,0,1,0,1,1,0,0,0
10audio_21.wav,0,0,1,1,1,1,0,0,0
10audio_22.wav,0,0,1,1,1,1,1,0,0
10audio_23.wav,0,0,0,0,0,0,0,0,0
10audio_24.wav,0,0,0,0,0,1,1,0,0
10audio_25.wav,1,0,1,0,1,1,0,0,0
10audio_26.wav,1,0,0,0,1,0,0,0,0
10audio_27.wav,1,0,0,0,0,0,0,0,0
10audio_28.wav,1,0,0,0,1,1,0,0,0
10audio_29.wav,0,0,0,0,0,0,0,0,0
10audio_30.wav,1,0,0,0,0,0,0,0,0
10audio_31.wav,1,0,0,0,0,0,0,0,0
10audio_32.wav,0,0,0,0,0,0,0,0,0
10audio_33.wav,0,0,0,1,0,0,0,0,0
10audio_34.wav,0,0,0,1,0,0,0,0,0
10audio_35.wav,1,0,0,0,0,0,0,0,0
10audio_36.wav,1,0,0,0,0,0,0,0,0
10audio_37.wav,0,0,0,1,0,0,0,0,0
10audio_38.wav,0,0,0,0,1,0,0,0,0
10audio_39.wav,1,0,0,0,0,0,0,0,0
10audio_40.wav,1,0,0,0,0,0,0,0,0
10audio_41.wav,0,0,0,1,0,0,0,0,0
10audio_42.wav,1,0,0,0,1,0,0,0,0
10audio_43.wav,1,0,0,0,0,1,0,0,0
10audio_44.wav,1,0,0,0,0,0,0,0,0
10audio_45.wav,0,0,0,1,1,1,0,0,0
10audio_46.wav,1,0,0,0,1,1,0,0,0
10audio_47.wav,0,0,0,0,0,0,0,0,0
10audio_48.wav,0,0,0,1,1,1,0,0,0
10audio_49.wav,1,0,1,1,1,1,0,0,0
10audio_50.wav,0,0,0,0,0,0,0,0,0
10audio_51.wav,1,0,0,0,0,1,0,0,0
10audio_52.wav,1,0,0,0,1,1,1,0,0
10audio_53.wav,0,0,0,0,0,0,0,0,0
10audio_54.wav,0,0,0,0,0,0,0,0,0
10audio_55.wav,0,0,0,0,0,0,0,0,0
10audio_56.wav,0,0,0,0,0,0,0,0,0
10audio_57.wav,0,0,0,0,0,0,0,0,0
10audio_58.wav,0,0,0,0,0,0,0,0,0
10audio_59.wav,0,0,0,0,0,0,0,0,0
10audio_60.wav,0,0,0,0,0,0,0,0,0
10audio_61.wav,0,0,0,0,0,0,0,0,0
10audio_62.wav,0,0,0,0,0,0,0,0,0
10audio_63.wav,0,0,0,0,0,0,0,0,0
10audio_64.wav,0,0,0,0,0,0,0,0,0
10audio_65.wav,0,0,0,0,0,0,0,0,0
10audio_66.wav,0,0,0,0,0,0,0,0,0
10audio_67.wav,0,0,0,0,0,0,0,0,0
10audio_68.wav,0,0,0,0,0,0,0,0,0
10audio_69.wav,0,0,0,0,0,0,0,0,0
10audio_70.wav,0,0,0,0,0,0,0,0,0
10audio_71.wav,0,0,0,0,0,0,0,0,0
10audio_72.wav,0,0,0,0,0,0,0,0,0
10audio_73.wav,0,0,0,0,0,0,0,0,0
10audio_74.wav,0,0,0,0,0,0,0,0,0
10audio_75.wav,0,0,0,0,0,0,0,0,0
10audio_76.wav,0,0,0,0,0,0,0,0,0
11audio_2.wav,1,0,1,0,1,1,0,0,0
11audio_3.wav,1,0,1,0,1,1,0,0,0
11audio_4.wav,0,0,0,0,0,0,0,0,0
11audio_5.wav,0,0,0,0,0,1,0,0,0
11audio_6.wav,1,0,1,0,1,1,0,0,0
11audio_7.wav,0,0,0,0,1,0,0,1,0
11audio_8.wav,1,0,1,0,1,1,0,1,0
11audio_9.wav,1,0,1,0,1,1,0,0,0
11audio_10.wav,1,0,0,0,1,1,0,0,0
11audio_11.wav,0,0,0,0,0,0,0,0,0
11audio_12.wav,0,0,0,0,0,0,0,0,0
11audio_13.wav,1,0,0,0,1,1,0,0,0
11audio_14.wav,0,0,0,0,0,0,0,0,0
11audio_15.wav,0,0,0,1,1,1,0,1,0
11audio_16.wav,1,0,0,0,0,0,0,0,0
11audio_17.wav,0,0,0,0,0,1,0,0,0
11audio_18.wav,1,0,1,0,1,1,0,0,0
11audio_19.wav,1,0,1,0,1,1,0,0,0
11audio_20.wav,1,0,0,0,1,1,0,0,0
11audio_21.wav,1,0,1,1,1,1,0,0,0
11audio_22.wav,0,0,1,1,1,1,1,0,0
11audio_23.wav,0,0,0,1,0,0,0,0,0
11audio_24.wav,0,0,0,0,0,0,1,0,0
11audio_25.wav,0,0,1,0,1,1,0,1,0
11audio_26.wav,1,0,0,0,0,0,0,0,0
11audio_27.wav,1,0,0,0,1,1,0,0,0
11audio_28.wav,0,0,0,0,0,1,0,0,0
11audio_29.wav,0,0,1,1,0,1,0,0,0
11audio_30.wav,0,0,1,0,1,1,0,0,0
11audio_31.wav,1,0,0,0,0,0,0,0,0
11audio_32.wav,0,0,1,0,0,0,0,0,0
11audio_33.wav,1,0,0,0,1,1,0,0,0
11audio_34.wav,1,0,1,0,1,1,0,1,0
11audio_35.wav,1,0,1,0,1,1,0,0,0
11audio_36.wav,0,0,0,0,0,1,0,0,0
11audio_37.wav,0,0,0,0,0,1,0,0,0
11audio_38.wav,0,0,1,0,1,1,0,0,0
11audio_39.wav,0,0,1,0,1,1,0,0,0
11audio_40.wav,1,0,0,0,1,1,0,0,0
11audio_41.wav,0,0,0,0,0,0,0,0,0
11audio_42.wav,0,0,1,0,0,1,0,0,0
11audio_43.wav,0,0,0,0,0,0,0,0,0
11audio_44.wav,1,0,0,0,0,1,0,0,0
11audio_45.wav,1,0,1,0,1,1,0,0,0
11audio_46.wav,1,0,1,0,1,1,0,0,0
11audio_47.wav,0,0,0,0,1,1,0,0,0
11audio_48.wav,1,0,1,1,1,1,1,0,0
11audio_49.wav,1,0,1,0,1,1,1,0,0
11audio_50.wav,0,0,0,0,0,0,1,0,0
11audio_51.wav,1,0,1,0,1,1,0,0,0
11audio_52.wav,0,0,0,0,0,1,0,0,0
11audio_53.wav,1,0,0,0,0,1,0,0,0
11audio_54.wav,0,0,0,0,0,0,0,0,0
11audio_55.wav,0,0,0,0,0,0,0,0,0
11audio_56.wav,0,0,0,0,0,0,0,0,0
11audio_57.wav,0,0,0,0,0,0,0,0,0
11audio_58.wav,0,0,0,0,0,0,0,0,0
11audio_59.wav,0,0,0,0,0,0,0,0,0
11audio_60.wav,0,0,0,0,0,0,0,0,0
11audio_61.wav,0,0,0,0,0,0,0,0,0
11audio_62.wav,0,0,0,0,0,0,0,0,0
11audio_63.wav,0,0,0,0,0,0,0,0,0
11audio_64.wav,0,0,0,0,0,0,0,0,0
11audio_65.wav,0,0,0,0,0,0,0,0,0
11audio_66.wav,0,0,0,0,0,0,0,0,0
11audio_67.wav,0,0,0,0,0,0,0,0,0
11audio_68.wav,0,0,0,0,0,0,0,0,0
11audio_69.wav,0,0,0,0,0,0,0,0,0
11audio_70.wav,0,0,0,0,0,0,0,0,0
11audio_71.wav,0,0,0,0,0,0,0,0,0
11audio_72.wav,0,0,0,0,0,0,0,0,0
11audio_73.wav,0,0,0,0,0,0,0,0,0
11audio_74.wav,0,0,0,0,0,0,0,0,0
11audio_75.wav,0,0,0,0,0,0,0,0,0
11audio_76.wav,0,0,0,0,0,0,0,0,0
12audio_2.wav,0,0,0,0,0,1,0,0,0
12audio_3.wav,0,0,1,0,1,1,0,0,0
12audio_4.wav,0,0,0,0,0,0,0,0,0
12audio_5.wav,0,0,0,0,0,0,1,0,0
12audio_6.wav,1,0,0,0,1,1,0,0,0
12audio_7.wav,0,0,1,0,1,0,0,0,0
12audio_8.wav,1,0,1,0,1,1,0,1,0
12audio_9.wav,0,0,0,0,0,0,0,0,0
12audio_10.wav,1,0,1,0,1,1,1,0,0
12audio_11.wav,0,0,0,1,0,0,0,0,0
12audio_12.wav,0,0,0,0,0,0,0,0,0
12audio_13.wav,1,0,1,0,1,1,0,0,0
12audio_14.wav,1,0,1,0,1,1,0,0,0
12audio_15.wav,1,0,1,0,1,1,1,0,0
12audio_16.wav,1,0,1,0,1,1,0,0,0
12audio_17.wav,1,0,1,1,1,1,0,1,0
12audio_18.wav,1,0,0,0,0,1,0,0,0
12audio_19.wav,1,0,1,1,1,1,0,1,0
12audio_20.wav,1,0,1,1,1,1,0,0,0
12audio_21.wav,1,0,1,1,1,1,0,1,0
12audio_22.wav,0,1,1,1,1,1,1,1,0
12audio_23.wav,0,0,0,0,0,0,0,0,0
12audio_24.wav,0,0,0,1,0,0,0,1,0
12audio_25.wav,0,0,1,1,0,1,0,0,0
12audio_26.wav,1,0,1,1,1,1,0,0,0
12audio_27.wav,1,0,1,1,1,1,0,0,0
12audio_28.wav,1,0,1,0,1,1,0,0,0
12audio_29.wav,1,0,1,0,1,1,0,0,0
12audio_30.wav,0,0,0,0,0,0,0,0,0
12audio_31.wav,0,0,1,0,0,1,0,0,0
12audio_32.wav,0,0,0,0,1,0,0,0,0
12audio_33.wav,1,0,1,0,1,1,0,0,0
12audio_34.wav,1,0,1,0,1,1,0,0,0
12audio_35.wav,1,0,1,0,1,1,0,0,0
12audio_36.wav,1,0,1,0,1,1,0,0,0
12audio_37.wav,1,0,1,0,1,1,1,0,0
12audio_38.wav,0,0,1,0,0,1,0,1,0
12audio_39.wav,0,0,1,0,1,1,0,1,0
12audio_40.wav,1,1,1,1,1,1,0,0,0
12audio_41.wav,1,0,1,0,1,1,0,0,0
12audio_42.wav,0,0,0,0,0,0,0,0,0
12audio_43.wav,0,0,1,0,0,1,0,0,0
12audio_44.wav,1,0,1,0,1,1,0,0,0
12audio_45.wav,1,0,1,0,1,1,0,0,0
12audio_46.wav,1,0,1,0,1,1,0,1,0
12audio_47.wav,0,0,1,0,1,0,0,0,0
12audio_48.wav,1,0,1,0,1,1,0,0,0
12audio_49.wav,1,0,1,1,1,1,1,0,0
12audio_50.wav,1,0,1,0,1,1,0,0,0
12audio_51.wav,1,0,1,1,1,1,0,0,0
12audio_52.wav,1,0,1,1,1,1,0,0,0
12audio_53.wav,0,0,0,0,0,0,0,0,0
12audio_54.wav,0,0,0,0,0,0,0,0,0
12audio_55.wav,0,0,0,0,0,0,0,0,0
12audio_56.wav,0,0,0,0,0,0,0,0,0
12audio_57.wav,0,0,0,0,0,0,0,0,0
12audio_58.wav,0,0,0,0,0,0,0,0,0
12audio_59.wav,0,0,0,0,0,0,0,0,0
12audio_60.wav,0,0,0,0,0,0,0,0,0
12audio_61.wav,0,0,0,0,0,0,0,0,0
12audio_62.wav,0,0,0,0,0,0,0,0,0
12audio_63.wav,0,0,0,0,0,0,0,0,0
12audio_64.wav,0,0,0,0,0,0,0,0,0
12audio_65.wav,0,0,0,0,0,0,0,0,0
12audio_66.wav,0,0,0,0,0,0,0,0,0
12audio_67.wav,0,0,0,0,0,0,0,0,0
12audio_68.wav,0,0,0,0,0,0,0,0,0
12audio_69.wav,0,0,0,0,0,0,0,0,0
12audio_70.wav,0,0,0,0,0,0,0,0,0
12audio_71.wav,0,0,0,0,0,0,0,0,0
12audio_72.wav,0,0,0,0,0,0,0,0,0
12audio_73.wav,0,0,0,0,0,0,0,0,0
12audio_74.wav,0,0,0,0,0,0,0,0,0
12audio_75.wav,0,0,0,0,0,0,0,0,0
12audio_76.wav,0,0,0,0,0,0,0,0,0
13audio_2.wav,0,0,0,1,0,0,0,0,0
13audio_3.wav,0,0,0,1,0,1,1,0,0
13audio_4.wav,0,0,0,0,0,0,0,0,0
13audio_5.wav,0,0,0,1,0,1,1,0,0
13audio_6.wav,1,0,1,1,0,1,1,0,0
13audio_7.wav,0,0,1,1,1,1,1,0,0
13audio_8.wav,1,0,1,1,1,1,1,0,0
13audio_9.wav,1,0,1,1,1,1,1,0,0
13audio_10.wav,1,0,1,1,1,1,1,0,0
13audio_11.wav,0,0,0,0,0,0,0,0,0
13audio_12.wav,0,0,0,1,0,0,0,0,0
13audio_13.wav,0,0,1,1,1,1,1,0,0
13audio_14.wav,0,0,0,1,1,1,1,0,0
13audio_15.wav,1,0,1,1,1,1,1,0,0
13audio_16.wav,1,0,1,1,1,1,1,0,0
13audio_17.wav,1,0,1,1,1,1,1,0,0
13audio_18.wav,1,0,1,1,1,1,1,0,0
13audio_19.wav,1,0,1,1,1,1,1,0,0
13audio_20.wav,0,0,0,1,0,0,1,0,0
13audio_21.wav,1,0,1,1,1,1,1,1,0
13audio_22.wav,0,0,1,1,1,1,1,0,0
13audio_23.wav,0,0,1,0,0,0,0,0,0
13audio_24.wav,0,0,0,1,0,0,1,0,0
13audio_25.wav,1,0,0,1,1,1,1,0,0
13audio_26.wav,1,0,1,1,1,1,1,0,1
13audio_27.wav,1,0,1,1,1,1,1,0,0
13audio_28.wav,1,0,1,1,1,1,1,0,0
13audio_29.wav,0,0,1,1,1,1,1,0,0
13audio_30.wav,1,0,1,1,1,1,1,0,0
13audio_31.wav,1,0,1,1,1,1,1,0,0
13audio_32.wav,1,0,1,1,1,1,0,0,0
13audio_33.wav,1,0,1,1,1,1,1,0,0
13audio_34.wav,1,0,1,1,1,1,1,0,0
13audio_35.wav,1,0,1,1,1,1,1,0,0
13audio_36.wav,1,0,1,1,1,1,0,0,0
13audio_37.wav,1,0,1,1,1,0,0,0,0
13audio_38.wav,0,0,0,1,0,1,1,0,0
13audio_39.wav,1,0,1,1,1,1,0,0,0
13audio_40.wav,1,0,1,1,1,1,1,0,0
13audio_41.wav,1,0,1,1,1,1,1,0,0
13audio_42.wav,1,0,1,1,1,1,1,0,0
13audio_43.wav,1,0,1,1,1,1,1,0,1
13audio_44.wav,1,0,1,1,1,1,1,0,1
13audio_45.wav,0,0,0,1,0,1,0,0,0
13audio_46.wav,1,0,1,1,1,1,1,0,0
13audio_47.wav,0,0,0,1,0,1,0,0,0
13audio_48.wav,0,0,1,1,1,1,1,0,1
13audio_49.wav,1,1,1,1,1,1,1,1,1
13audio_50.wav,0,0,1,1,1,1,1,0,1
13audio_51.wav,1,0,1,1,1,1,1,0,0
13audio_52.wav,0,0,0,1,0,0,0,0,0
13audio_53.wav,1,0,1,1,0,1,1,0,0
13audio_54.wav,0,0,0,0,0,0,0,0,0
13audio_55.wav,0,0,0,0,0,0,0,0,0
13audio_56.wav,0,0,0,0,0,0,0,0,0
13audio_57.wav,0,0,0,0,0,0,0,0,0
13audio_58.wav,0,0,0,0,0,0,0,0,0
13audio_59.wav,0,0,0,0,0,0,0,0,0
13audio_60.wav,0,0,0,0,0,0,0,0,0
13audio_61.wav,0,0,0,0,0,0,0,0,0
13audio_62.wav,0,0,0,0,0,0,0,0,0
13audio_63.wav,0,0,0,0,0,0,0,0,0
13audio_64.wav,0,0,0,0,0,0,0,0,0
13audio_65.wav,0,0,0,0,0,0,0,0,0
13audio_66.wav,0,0,0,0,0,0,0,0,0
13audio_67.wav,0,0,0,0,0,0,0,0,0
13audio_68.wav,0,0,0,0,0,0,0,0,0
13audio_69.wav,0,0,0,0,0,0,0,0,0
13audio_70.wav,0,0,0,0,0,0,0,0,0
13audio_71.wav,0,0,0,0,0,0,0,0,0
13audio_72.wav,0,0,0,0,0,0,0,0,0
13audio_73.wav,0,0,0,0,0,0,0,0,0
13audio_74.wav,0,0,0,0,0,0,0,0,0
13audio_75.wav,0,0,0,0,0,0,0,0,0
13audio_76.wav,0,0,0,0,0,0,0,0,0
14audio_2.wav,1,0,1,0,1,1,1,0,1
14audio_3.wav,1,0,1,0,1,1,1,0,1
14audio_4.wav,0,0,0,1,0,0,0,0,0
14audio_5.wav,0,0,0,1,0,0,0,0,0
14audio_6.wav,1,0,1,0,1,1,1,0,1
14audio_7.wav,0,0,0,0,0,0,0,0,0
14audio_8.wav,1,0,1,0,1,1,1,0,1
14audio_9.wav,1,0,1,1,1,0,0,0,0
14audio_10.wav,1,0,1,0,1,1,1,0,1
14audio_11.wav,0,0,0,1,0,0,0,0,0
14audio_12.wav,0,0,0,0,0,0,0,0,0
14audio_13.wav,1,0,1,0,1,1,1,0,1
14audio_14.wav,1,0,1,0,1,1,1,0,1
14audio_15.wav,1,0,1,0,1,1,1,0,1
14audio_16.wav,1,0,1,0,1,1,1,0,1
14audio_17.wav,1,0,1,0,1,1,1,0,1
14audio_18.wav,1,0,1,1,1,0,0,0,0
14audio_19.wav,1,0,1,0,1,1,1,0,1
14audio_20.wav,1,0,1,1,1,1,0,0,0
14audio_21.wav,1,1,1,1,1,1,1,1,1
14audio_22.wav,0,1,1,1,1,1,1,0,1
14audio_23.wav,0,0,0,1,0,0,0,0,0
14audio_24.wav,0,0,0,1,0,1,1,0,1
14audio_25.wav,1,0,1,1,0,1,1,0,1
14audio_26.wav,1,0,1,0,1,1,1,0,1
14audio_27.wav,0,0,0,0,0,1,1,0,1
14audio_28.wav,1,0,1,0,1,1,1,0,1
14audio_29.wav,1,0,0,1,0,1,1,0,1
14audio_30.wav,1,0,1,0,1,1,1,0,1
14audio_31.wav,1,0,1,0,1,1,1,0,1
14audio_32.wav,0,0,0,1,0,0,0,0,0
14audio_33.wav,1,0,1,0,1,1,1,0,1
14audio_34.wav,1,0,1,0,1,1,0,0,0
14audio_35.wav,1,0,1,0,1,1,1,0,1
14audio_36.wav,1,0,1,0,1,1,0,0,0
14audio_37.wav,0,0,0,0,0,0,0,0,0
14audio_38.wav,0,1,0,1,0,1,1,0,1
14audio_39.wav,1,0,0,0,0,1,1,0,1
14audio_40.wav,1,0,1,0,1,1,0,0,0
14audio_41.wav,1,0,1,0,1,1,1,0,1
14audio_42.wav,1,0,0,0,0,0,0,0,0
14audio_43.wav,0,0,0,1,0,0,1,0,1
14audio_44.wav,1,0,1,0,1,1,1,0,1
14audio_45.wav,1,0,0,0,0,0,0,0,0
14audio_46.wav,1,0,1,0,1,1,1,0,1
14audio_47.wav,0,0,0,0,0,1,0,0,0
14audio_48.wav,0,1,1,1,0,1,1,1,1
14audio_49.wav,1,0,1,1,1,1,1,0,1
14audio_50.wav,1,0,0,0,0,1,1,0,1
14audio_51.wav,1,0,1,1,1,1,1,0,1
14audio_52.wav,0,0,1,1,0,1,1,0,1
14audio_53.wav,1,0,1,0,1,1,1,0,1
14audio_54.wav,0,0,0,0,0,0,0,0,0
14audio_55.wav,0,0,0,0,0,0,0,0,0
14audio_56.wav,0,0,0,0,0,0,0,0,0
14audio_57.wav,0,0,0,0,0,0,0,0,0
14audio_58.wav,0,0,0,0,0,0,0,0,0
14audio_59.wav,0,0,0,0,0,0,0,0,0
14audio_60.wav,0,0,0,0,0,0,0,0,0
14audio_61.wav,0,0,0,0,0,0,0,0,0
14audio_62.wav,0,0,0,0,0,0,0,0,0
14audio_63.wav,0,0,0,0,0,0,0,0,0
14audio_64.wav,0,0,0,0,0,0,0,0,0
14audio_65.wav,0,0,0,0,0,0,0,0,0
14audio_66.wav,0,0,0,0,0,0,0,0,0
14audio_67.wav,0,0,0,0,0,0,0,0,0
14audio_68.wav,0,0,0,0,0,0,0,0,0
14audio_69.wav,0,0,0,0,0,0,0,0,0
14audio_70.wav,0,0,0,0,0,0,0,0,0
14audio_71.wav,0,0,0,0,0,0,0,0,0
14audio_72.wav,0,0,0,0,0,0,0,0,0
14audio_73.wav,0,0,0,0,0,0,0,0,0
14audio_74.wav,0,0,0,0,0,0,0,0,0
14audio_75.wav,0,0,0,0,0,0,0,0,0
14audio_76.wav,0,0,0,0,0,0,0,0,0
15audio_2.wav,1,1,1,0,1,1,0,0,0
15audio_3.wav,0,0,0,1,0,0,0,0,0
15audio_4.wav,0,0,0,0,0,0,0,0,0
15audio_5.wav,0,0,0,1,0,0,0,0,0
15audio_6.wav,0,0,1,1,0,1,0,0,0
15audio_7.wav,0,0,1,1,1,1,0,0,1
15audio_8.wav,1,0,1,1,1,1,0,0,0
15audio_9.wav,0,0,0,1,1,0,0,0,0
15audio_10.wav,1,0,1,1,1,1,0,0,1
15audio_11.wav,0,0,0,1,0,0,0,0,0
15audio_12.wav,0,0,0,1,0,0,0,0,0
15audio_13.wav,1,0,1,1,1,1,0,1,1
15audio_14.wav,1,0,1,1,1,1,1,0,0
15audio_15.wav,0,0,1,1,0,0,0,0,0
15audio_16.wav,1,0,1,1,1,1,1,0,0
15audio_17.wav,0,0,1,1,1,1,0,0,0
15audio_18.wav,1,0,1,1,1,1,0,0,0
15audio_19.wav,0,0,0,1,0,0,0,0,0
15audio_20.wav,1,0,1,1,1,0,0,0,0
15audio_21.wav,0,0,0,1,0,0,1,0,1
15audio_22.wav,0,0,1,1,1,1,1,0,1
15audio_23.wav,0,0,0,1,0,0,0,0,0
15audio_24.wav,0,0,0,1,0,0,0,0,0
15audio_25.wav,0,0,0,1,1,0,0,0,0
15audio_26.wav,1,0,1,1,1,1,0,0,0
15audio_27.wav,1,0,1,1,1,1,0,0,0
15audio_28.wav,1,0,1,1,1,1,0,0,0
15audio_29.wav,0,0,1,1,1,1,1,0,0
15audio_30.wav,1,0,1,1,1,1,0,0,0
15audio_31.wav,0,0,1,1,0,0,0,0,0
15audio_32.wav,0,0,0,1,0,0,0,0,0
15audio_33.wav,0,0,0,1,0,0,0,0,0
15audio_34.wav,1,0,1,1,1,1,0,1,0
15audio_35.wav,1,0,1,1,1,1,0,0,0
15audio_36.wav,0,0,1,1,0,0,0,0,0
15audio_37.wav,1,0,1,1,1,1,0,0,0
15audio_38.wav,0,0,1,1,0,0,0,0,0
15audio_39.wav,1,0,0,1,0,1,0,0,0
15audio_40.wav,1,0,1,1,1,1,0,0,0
15audio_41.wav,0,0,0,1,0,0,0,1,0
15audio_42.wav,1,0,1,1,1,1,1,1,0
15audio_43.wav,0,0,0,1,0,0,0,0,0
15audio_44.wav,1,0,1,1,1,0,0,0,0
15audio_45.wav,1,0,1,1,1,1,0,0,0
15audio_46.wav,1,0,1,1,1,1,1,0,0
15audio_47.wav,1,0,1,1,1,1,0,0,0
15audio_48.wav,0,0,1,1,0,1,1,0,0
15audio_49.wav,1,0,1,1,1,1,1,1,0
15audio_50.wav,0,0,0,1,0,0,0,0,0
15audio_51.wav,1,0,1,1,1,1,1,0,0
15audio_52.wav,1,0,1,1,1,1,1,0,0
15audio_53.wav,0,0,0,1,0,0,0,0,0
15audio_54.wav,0,0,0,0,0,0,0,0,0
15audio_55.wav,0,0,0,0,0,0,0,0,0
15audio_56.wav,0,0,0,0,0,0,0,0,0
15audio_57.wav,0,0,0,0,0,0,0,0,0
15audio_58.wav,0,0,0,0,0,0,0,0,0
15audio_59.wav,0,0,0,0,0,0,0,0,0
15audio_60.wav,0,0,0,0,0,0,0,0,0
15audio_61.wav,0,0,0,0,0,0,0,0,0
15audio_62.wav,0,0,0,0,0,0,0,0,0
15audio_63.wav,0,0,0,0,0,0,0,0,0
15audio_64.wav,0,0,0,0,0,0,0,0,0
15audio_65.wav,0,0,0,0,0,0,0,0,0
15audio_66.wav,0,0,0,0,0,0,0,0,0
15audio_67.wav,0,0,0,0,0,0,0,0,0
15audio_68.wav,0,0,0,0,0,0,0,0,0
15audio_69.wav,0,0,0,0,0,0,0,0,0
15audio_70.wav,0,0,0,0,0,0,0,0,0
15audio_71.wav,0,0,0,0,0,0,0,0,0
15audio_72.wav,0,0,0,0,0,0,0,0,0
15audio_73.wav,0,0,0,0,0,0,0,0,0
15audio_74.wav,0,0,0,0,0,0,0,0,0
15audio_75.wav,0,0,0,0,0,0,0,0,0
15audio_76.wav,0,0,0,0,0,0,0,0,0
16audio_2.wav,1,0,1,1,1,1,1,0,1
16audio_3.wav,0,0,1,1,1,1,1,0,1
16audio_4.wav,0,0,1,1,0,0,1,0,1
16audio_5.wav,0,0,0,0,0,0,1,0,1
16audio_6.wav,1,0,1,1,1,1,1,0,1
16audio_7.wav,1,0,1,1,1,1,1,0,1
16audio_8.wav,1,0,1,1,1,1,1,1,1
16audio_9.wav,0,0,0,1,1,1,1,0,1
16audio_10.wav,1,0,1,1,1,1,1,0,1
16audio_11.wav,0,0,0,0,0,0,0,0,0
16audio_12.wav,0,0,0,0,0,0,0,0,0
16audio_13.wav,0,0,1,1,1,1,1,0,1
16audio_14.wav,0,0,0,0,0,0,0,0,0
16audio_15.wav,0,0,0,1,0,0,1,0,1
16audio_16.wav,0,0,0,1,0,1,1,0,1
16audio_17.wav,1,0,1,1,1,1,1,0,1
16audio_18.wav,1,0,1,1,1,1,1,0,1
16audio_19.wav,1,0,1,1,1,1,1,1,1
16audio_20.wav,0,0,0,1,0,1,1,0,1
16audio_21.wav,0,0,1,1,1,1,1,0,1
16audio_22.wav,0,0,1,1,1,1,1,0,1
16audio_23.wav,0,0,0,0,0,0,0,0,1
16audio_24.wav,0,0,1,1,0,1,1,0,1
16audio_25.wav,0,0,1,1,1,1,1,0,1
16audio_26.wav,0,0,0,1,0,1,1,0,1
16audio_27.wav,1,0,1,1,1,1,1,1,1
16audio_28.wav,0,0,0,1,0,1,1,0,1
16audio_29.wav,0,0,1,1,1,1,1,0,1
16audio_30.wav,0,0,1,1,1,1,1,0,1
16audio_31.wav,0,0,1,1,1,1,1,0,1
16audio_32.wav,0,0,0,0,0,0,0,0,0
16audio_33.wav,0,0,1,1,1,1,1,0,1
16audio_34.wav,0,0,0,0,0,0,0,0,1
16audio_35.wav,1,0,1,1,1,1,1,0,1
16audio_36.wav,0,0,0,0,0,0,0,0,0
16audio_37.wav,0,0,1,1,1,1,1,0,1
16audio_38.wav,1,0,1,1,1,1,1,1,1
16audio_39.wav,1,0,1,1,1,1,1,0,1
16audio_40.wav,1,0,1,1,1,1,1,0,1
16audio_41.wav,1,0,1,1,1,1,1,1,1
16audio_42.wav,0,0,0,1,0,1,1,1,1
16audio_43.wav,0,0,1,1,1,1,1,0,1
16audio_44.wav,0,0,0,1,0,1,1,0,1
16audio_45.wav,0,0,0,0,0,1,1,0,1
16audio_46.wav,1,0,1,1,1,1,1,0,1
16audio_47.wav,1,0,1,1,0,1,1,1,1
16audio_48.wav,1,0,1,1,1,1,1,1,1
16audio_49.wav,1,0,1,1,1,1,1,1,1
16audio_50.wav,1,0,1,1,1,1,1,0,1
16audio_51.wav,1,0,1,1,1,1,1,0,1
16audio_52.wav,1,0,1,1,1,1,1,0,1
16audio_53.wav,1,0,1,1,1,1,1,0,1
16audio_54.wav,0,0,0,0,0,0,0,0,0
16audio_55.wav,0,0,0,0,0,0,0,0,0
16audio_56.wav,0,0,0,0,0,0,0,0,0
16audio_57.wav,0,0,0,0,0,0,0,0,0
16audio_58.wav,0,0,0,0,0,0,0,0,0
16audio_59.wav,0,0,0,0,0,0,0,0,0
16audio_60.wav,0,0,0,0,0,0,0,0,0
16audio_61.wav,0,0,0,0,0,0,0,0,0
16audio_62.wav,0,0,0,0,0,0,0,0,0
16audio_63.wav,0,0,0,0,0,0,0,0,0
16audio_64.wav,0,0,0,0,0,0,0,0,0
16audio_65.wav,0,0,0,0,0,0,0,0,0
16audio_66.wav,0,0,0,0,0,0,0,0,0
16audio_67.wav,0,0,0,0,0,0,0,0,0
16audio_68.wav,0,0,0,0,0,0,0,0,0
16audio_69.wav,0,0,0,0,0,0,0,0,0
16audio_70.wav,0,0,0,0,0,0,0,0,0
16audio_71.wav,0,0,0,0,0,0,0,0,0
16audio_72.wav,0,0,0,0,0,0,0,0,0
16audio_73.wav,0,0,0,0,0,0,0,0,0
16audio_74.wav,0,0,0,0,0,0,0,0,0
16audio_75.wav,0,0,0,0,0,0,0,0,0
16audio_76.wav,0,0,0,0,0,0,0,0,0
17audio_2.wav,0,0,0,0,0,0,0,0,0
17audio_3.wav,0,0,0,1,0,0,0,0,0
17audio_4.wav,0,0,0,0,0,0,0,0,0
17audio_5.wav,0,0,0,0,0,0,1,0,0
17audio_6.wav,0,0,1,0,0,0,1,0,0
17audio_7.wav,0,0,0,1,0,0,0,0,1
17audio_8.wav,1,0,0,0,0,1,0,0,0
17audio_9.wav,1,0,1,0,0,1,0,0,0
17audio_10.wav,1,0,1,1,0,1,1,0,0
17audio_11.wav,0,0,0,0,0,0,0,0,0
17audio_12.wav,0,0,0,0,0,0,0,0,0
17audio_13.wav,0,0,1,1,0,1,1,0,0
17audio_14.wav,1,0,1,1,0,1,1,0,0
17audio_15.wav,1,0,1,0,1,1,1,0,0
17audio_16.wav,1,0,1,1,0,1,1,0,0
17audio_17.wav,1,0,1,0,1,1,1,0,0
17audio_18.wav,0,0,0,1,0,1,0,0,0
17audio_19.wav,1,0,1,0,1,1,0,0,0
17audio_20.wav,1,0,1,1,1,1,0,0,0
17audio_21.wav,0,0,0,1,0,1,1,0,0
17audio_22.wav,0,0,1,1,1,1,1,0,0
17audio_23.wav,0,0,0,0,0,0,0,0,0
17audio_24.wav,0,0,1,1,0,1,1,0,0
17audio_25.wav,1,0,1,1,1,1,0,0,0
17audio_26.wav,0,0,0,1,0,0,0,0,0
17audio_27.wav,1,0,1,0,1,1,1,0,0
17audio_28.wav,1,0,1,0,0,1,0,0,0
17audio_29.wav,1,0,1,0,0,1,0,0,0
17audio_30.wav,1,0,1,0,1,1,0,0,0
17audio_31.wav,1,0,1,1,1,1,0,0,0
17audio_32.wav,1,0,1,0,1,1,0,0,0
17audio_33.wav,1,0,1,1,1,1,0,0,0
17audio_34.wav,1,0,1,1,1,1,0,0,0
17audio_35.wav,1,0,1,0,1,1,0,0,0
17audio_36.wav,1,0,1,0,1,1,0,0,0
17audio_37.wav,0,0,0,0,0,0,0,0,0
17audio_38.wav,0,0,1,1,1,1,1,0,0
17audio_39.wav,1,0,1,0,1,1,0,0,0
17audio_40.wav,1,0,0,0,0,0,0,0,0
17audio_41.wav,1,0,1,0,1,1,0,0,0
17audio_42.wav,1,0,1,1,1,1,0,0,0
17audio_43.wav,1,0,1,0,1,1,0,0,0
17audio_44.wav,1,0,0,0,0,0,0,0,0
17audio_45.wav,1,0,1,0,1,1,0,0,0
17audio_46.wav,1,0,1,0,1,1,0,0,0
17audio_47.wav,1,0,1,1,1,1,0,0,0
17audio_48.wav,1,0,1,1,1,1,0,0,0
17audio_49.wav,0,0,1,1,1,1,1,0,0
17audio_50.wav,1,0,1,1,1,1,0,0,0
17audio_51.wav,1,0,1,1,1,1,0,0,0
17audio_52.wav,1,0,1,1,1,1,0,0,0
17audio_53.wav,1,0,1,1,1,1,0,0,0
17audio_54.wav,0,0,0,0,0,0,0,0,0
17audio_55.wav,0,0,0,0,0,0,0,0,0
17audio_56.wav,0,0,0,0,0,0,0,0,0
17audio_57.wav,0,0,0,0,0,0,0,0,0
17audio_58.wav,0,0,0,0,0,0,0,0,0
17audio_59.wav,0,0,0,0,0,0,0,0,0
17audio_60.wav,0,0,0,0,0,0,0,0,0
17audio_61.wav,0,0,0,0,0,0,0,0,0
17audio_62.wav,0,0,0,0,0,0,0,0,0
17audio_63.wav,0,0,0,0,0,0,0,0,0
17audio_64.wav,0,0,0,0,0,0,0,0,0
17audio_65.wav,0,0,0,0,0,0,0,0,0
17audio_66.wav,0,0,0,0,0,0,0,0,0
17audio_67.wav,0,0,0,0,0,0,0,0,0
17audio_68.wav,0,0,0,0,0,0,0,0,0
17audio_69.wav,0,0,0,0,0,0,0,0,0
17audio_70.wav,0,0,0,0,0,0,0,0,0
17audio_71.wav,0,0,0,0,0,0,0,0,0
17audio_72.wav,0,0,0,0,0,0,0,0,0
17audio_73.wav,0,0,0,0,0,0,0,0,0
17audio_74.wav,0,0,0,0,0,0,0,0,0
17audio_75.wav,0,0,0,0,0,0,0,0,0
17audio_76.wav,0,0,0,0,0,0,0,0,0
18audio_2.wav,0,0,0,0,0,0,0,0,0
18audio_3.wav,0,0,0,0,0,0,0,0,0
18audio_4.wav,0,0,0,0,0,0,0,0,0
18audio_5.wav,0,0,0,0,0,0,0,0,0
18audio_6.wav,1,0,1,0,1,0,0,0,0
18audio_7.wav,0,0,0,0,0,0,0,0,0
18audio_8.wav,1,0,1,0,1,1,1,0,1
18audio_9.wav,0,0,1,0,1,0,0,0,0
18audio_10.wav,1,0,1,0,1,1,0,0,0
18audio_11.wav,0,0,0,0,0,0,0,0,0
18audio_12.wav,0,0,0,0,0,0,0,0,0
18audio_13.wav,0,0,1,0,1,1,1,0,0
18audio_14.wav,1,0,1,0,1,1,1,0,1
18audio_15.wav,1,0,1,0,1,1,1,0,1
18audio_16.wav,1,0,1,0,1,1,1,0,1
18audio_17.wav,1,0,1,0,1,1,1,0,1
18audio_18.wav,1,0,1,0,1,0,0,0,0
18audio_19.wav,0,0,1,0,1,0,0,1,0
18audio_20.wav,0,0,1,0,0,1,0,0,0
18audio_21.wav,0,0,0,0,0,0,0,0,0
18audio_22.wav,0,0,1,1,1,1,1,1,1
18audio_23.wav,0,0,0,0,0,0,1,0,1
18audio_24.wav,0,0,0,0,0,0,0,1,0
18audio_25.wav,0,0,1,0,0,0,0,0,0
18audio_26.wav,1,0,1,1,1,1,1,0,1
18audio_27.wav,1,0,1,0,1,1,1,0,0
18audio_28.wav,0,0,0,0,0,0,0,0,0
18audio_29.wav,0,0,0,1,0,1,1,0,1
18audio_30.wav,1,0,1,0,1,1,1,0,1
18audio_31.wav,1,0,1,1,1,1,0,0,1
18audio_32.wav,1,0,1,0,1,1,1,0,1
18audio_33.wav,1,0,1,0,1,1,1,0,1
18audio_34.wav,1,0,1,0,1,1,1,0,1
18audio_35.wav,1,0,1,0,1,1,1,0,1
18audio_36.wav,1,0,1,0,1,1,1,0,1
18audio_37.wav,0,0,1,0,0,1,1,0,1
18audio_38.wav,0,0,0,1,0,1,1,0,1
18audio_39.wav,1,0,1,0,1,1,1,0,1
18audio_40.wav,0,0,0,0,0,0,0,0,0
18audio_41.wav,1,0,1,0,1,1,1,0,1
18audio_42.wav,1,0,1,0,1,1,1,0,1
18audio_43.wav,0,0,0,0,0,0,0,0,0
18audio_44.wav,0,0,0,1,0,0,0,0,1
18audio_45.wav,0,0,0,0,0,0,0,0,0
18audio_46.wav,1,0,1,0,1,1,1,0,1
18audio_47.wav,0,0,0,0,0,0,0,0,0
18audio_48.wav,0,0,0,1,0,0,0,0,1
18audio_49.wav,1,1,1,1,1,1,1,1,1
18audio_50.wav,1,0,1,0,1,1,1,0,1
18audio_51.wav,1,0,1,0,1,1,1,0,1
18audio_52.wav,0,0,0,0,0,0,0,0,1
18audio_53.wav,0,0,0,0,0,0,0,0,1
18audio_54.wav,0,0,0,0,0,0,0,0,0
18audio_55.wav,0,0,0,0,0,0,0,0,0
18audio_56.wav,0,0,0,0,0,0,0,0,0
18audio_57.wav,0,0,0,0,0,0,0,0,0
18audio_58.wav,0,0,0,0,0,0,0,0,0
18audio_59.wav,0,0,0,0,0,0,0,0,0
18audio_60.wav,0,0,0,0,0,0,0,0,0
18audio_61.wav,0,0,0,0,0,0,0,0,0
18audio_62.wav,0,0,0,0,0,0,0,0,0
18audio_63.wav,0,0,0,0,0,0,0,0,0
18audio_64.wav,0,0,0,0,0,0,0,0,0
18audio_65.wav,0,0,0,0,0,0,0,0,0
18audio_66.wav,0,0,0,0,0,0,0,0,0
18audio_67.wav,0,0,0,0,0,0,0,0,0
18audio_68.wav,0,0,0,0,0,0,0,0,0
18audio_69.wav,0,0,0,0,0,0,0,0,0
18audio_70.wav,0,0,0,0,0,0,0,0,0
18audio_71.wav,0,0,0,0,0,0,0,0,0
18audio_72.wav,0,0,0,0,0,0,0,0,0
18audio_73.wav,0,0,0,0,0,0,0,0,0
18audio_74.wav,0,0,0,0,0,0,0,0,0
18audio_75.wav,0,0,0,0,0,0,0,0,0
18audio_76.wav,0,0,0,0,0,0,0,0,0
19audio_2.wav,0,0,0,0,0,0,0,0,0
19audio_3.wav,1,0,1,1,0,1,1,0,1
19audio_4.wav,0,0,0,0,0,0,0,0,0
19audio_5.wav,0,0,0,0,0,0,0,0,0
19audio_6.wav,1,0,1,1,0,1,1,0,1
19audio_7.wav,1,0,1,1,0,1,1,1,1
19audio_8.wav,1,0,1,1,1,1,1,0,1
19audio_9.wav,0,0,1,1,0,1,0,0,1
19audio_10.wav,1,0,1,0,1,1,1,0,1
19audio_11.wav,0,0,0,1,0,0,0,0,0
19audio_12.wav,0,0,0,0,0,0,0,0,0
19audio_13.wav,1,0,1,1,0,0,1,0,1
19audio_14.wav,1,0,1,1,1,1,1,0,1
19audio_15.wav,1,0,1,1,1,1,1,0,1
19audio_16.wav,1,0,0,1,0,1,0,0,1
19audio_17.wav,1,0,0,1,1,1,1,0,1
19audio_18.wav,1,0,0,1,0,1,1,0,1
19audio_19.wav,0,0,0,1,0,1,0,0,1
19audio_20.wav,0,0,0,1,0,1,1,0,1
19audio_21.wav,0,0,1,1,0,1,1,0,1
19audio_22.wav,0,0,1,1,1,1,1,0,1
19audio_23.wav,0,0,0,0,1,1,0,0,0
19audio_24.wav,0,0,1,1,0,1,1,0,1
19audio_25.wav,0,0,0,1,1,1,1,0,1
19audio_26.wav,1,0,1,1,1,1,1,0,1
19audio_27.wav,1,0,1,1,0,1,1,0,1
19audio_28.wav,1,0,1,1,1,1,1,0,1
19audio_29.wav,0,0,0,1,0,1,1,0,1
19audio_30.wav,1,0,1,1,1,1,0,0,0
19audio_31.wav,1,0,1,1,1,1,1,0,1
19audio_32.wav,0,0,0,0,1,0,0,1,0
19audio_33.wav,1,0,1,1,1,1,1,0,1
19audio_34.wav,1,0,1,1,1,1,0,0,0
19audio_35.wav,1,0,1,1,1,1,1,0,1
19audio_36.wav,1,0,1,1,0,1,1,0,1
19audio_37.wav,0,0,0,1,0,0,1,0,1
19audio_38.wav,0,0,1,1,1,1,1,0,1
19audio_39.wav,0,0,0,1,0,1,1,0,1
19audio_40.wav,1,1,0,1,0,1,1,0,1
19audio_41.wav,1,0,1,1,1,1,1,0,1
19audio_42.wav,1,0,0,1,0,1,1,0,1
19audio_43.wav,1,0,1,1,0,1,1,0,1
19audio_44.wav,1,0,1,1,0,1,1,0,1
19audio_45.wav,1,0,1,0,1,1,0,0,1
19audio_46.wav,1,0,1,0,1,1,1,0,1
19audio_47.wav,0,0,0,1,0,1,1,0,1
19audio_48.wav,1,0,1,1,1,1,1,0,1
19audio_49.wav,1,0,1,1,1,1,1,0,1
19audio_50.wav,1,0,1,1,1,1,1,0,1
19audio_51.wav,1,0,1,1,1,1,1,0,1
19audio_52.wav,1,0,1,0,1,0,1,0,1
19audio_53.wav,1,0,0,0,1,1,1,0,1
19audio_54.wav,0,0,0,0,0,0,0,0,0
19audio_55.wav,0,0,0,0,0,0,0,0,0
19audio_56.wav,0,0,0,0,0,0,0,0,0
19audio_57.wav,0,0,0,0,0,0,0,0,0
19audio_58.wav,0,0,0,0,0,0,0,0,0
19audio_59.wav,0,0,0,0,0,0,0,0,0
19audio_60.wav,0,0,0,0,0,0,0,0,0
19audio_61.wav,0,0,0,0,0,0,0,0,0
19audio_62.wav,0,0,0,0,0,0,0,0,0
19audio_63.wav,0,0,0,0,0,0,0,0,0
19audio_64.wav,0,0,0,0,0,0,0,0,0
19audio_65.wav,0,0,0,0,0,0,0,0,0
19audio_66.wav,0,0,0,0,0,0,0,0,0
19audio_67.wav,0,0,0,0,0,0,0,0,0
19audio_68.wav,0,0,0,0,0,0,0,0,0
19audio_69.wav,0,0,0,0,0,0,0,0,0
19audio_70.wav,0,0,0,0,0,0,0,0,0
19audio_71.wav,0,0,0,0,0,0,0,0,0
19audio_72.wav,0,0,0,0,0,0,0,0,0
19audio_73.wav,0,0,0,0,0,0,0,0,0
19audio_74.wav,0,0,0,0,0,0,0,0,0
19audio_75.wav,0,0,0,0,0,0,0,0,0
19audio_76.wav,0,0,0,0,0,0,0,0,0
20audio_2.wav,1,0,1,1,1,1,1,0,1
20audio_3.wav,0,0,0,0,1,1,0,0,0
20audio_4.wav,0,0,0,0,0,0,0,0,0
20audio_5.wav,0,0,0,1,0,0,0,0,1
20audio_6.wav,1,0,1,1,0,1,1,0,1
20audio_7.wav,0,0,0,1,0,1,1,0,1
20audio_8.wav,1,0,1,1,0,1,1,0,1
20audio_9.wav,0,0,0,1,0,1,1,0,1
20audio_10.wav,1,0,1,1,1,1,1,0,1
20audio_11.wav,0,0,0,0,0,0,0,0,0
20audio_12.wav,0,0,0,1,0,0,0,0,0
20audio_13.wav,1,0,1,1,1,1,1,0,1
20audio_14.wav,1,0,1,1,1,1,1,0,1
20audio_15.wav,1,0,1,1,1,1,1,0,1
20audio_16.wav,1,0,1,1,0,1,1,0,1
20audio_17.wav,1,0,1,1,1,1,1,0,1
20audio_18.wav,1,0,1,1,1,1,1,0,1
20audio_19.wav,0,0,0,0,0,1,0,0,0
20audio_20.wav,1,0,0,0,1,1,0,0,0
20audio_21.wav,1,0,1,1,1,1,1,0,1
20audio_22.wav,1,0,1,1,1,1,1,0,1
20audio_23.wav,0,0,0,1,0,0,0,0,0
20audio_24.wav,0,0,1,0,0,1,0,0,0
20audio_25.wav,0,0,1,1,0,1,1,0,1
20audio_26.wav,1,0,1,1,1,1,1,0,1
20audio_27.wav,0,0,0,1,0,0,1,0,1
20audio_28.wav,1,0,1,1,1,1,1,0,1
20audio_29.wav,1,0,1,1,1,1,1,0,1
20audio_30.wav,1,0,1,1,1,1,1,0,1
20audio_31.wav,0,0,0,1,0,0,0,0,0
20audio_32.wav,0,0,0,1,0,0,0,0,0
20audio_33.wav,1,0,1,1,1,1,1,0,1
20audio_34.wav,1,0,1,1,1,1,1,0,1
20audio_35.wav,1,0,0,0,0,1,1,0,1
20audio_36.wav,1,0,0,0,0,1,0,0,0
20audio_37.wav,1,0,1,1,1,1,1,0,1
20audio_38.wav,0,0,0,1,0,0,1,0,1
20audio_39.wav,1,0,0,1,0,1,1,0,1
20audio_40.wav,1,0,1,1,1,1,1,0,1
20audio_41.wav,0,0,1,1,1,1,1,1,1
20audio_42.wav,1,0,0,0,1,1,0,0,0
20audio_43.wav,0,0,0,1,0,1,1,0,1
20audio_44.wav,1,0,1,1,1,1,1,0,1
20audio_45.wav,1,0,1,1,1,1,1,0,1
20audio_46.wav,1,0,1,1,1,1,1,0,1
20audio_47.wav,0,0,0,1,0,0,0,0,0
20audio_48.wav,0,0,0,0,1,1,1,0,1
20audio_49.wav,1,0,1,1,1,1,1,0,1
20audio_50.wav,1,0,1,1,1,1,1,1,1
20audio_51.wav,1,0,1,1,1,1,1,0,1
20audio_52.wav,0,0,0,1,0,0,0,0,1
20audio_53.wav,1,0,0,0,0,1,0,0,0
20audio_54.wav,0,0,0,0,0,0,0,0,0
20audio_55.wav,0,0,0,0,0,0,0,0,0
20audio_56.wav,0,0,0,0,0,0,0,0,0
20audio_57.wav,0,0,0,0,0,0,0,0,0
20audio_58.wav,0,0,0,0,0,0,0,0,0
20audio_59.wav,0,0,0,0,0,0,0,0,0
20audio_60.wav,0,0,0,0,0,0,0,0,0
20audio_61.wav,0,0,0,0,0,0,0,0,0
20audio_62.wav,0,0,0,0,0,0,0,0,0
20audio_63.wav,0,0,0,0,0,0,0,0,0
20audio_64.wav,0,0,0,0,0,0,0,0,0
20audio_65.wav,0,0,0,0,0,0,0,0,0
20audio_66.wav,0,0,0,0,0,0,0,0,0
20audio_67.wav,0,0,0,0,0,0,0,0,0
20audio_68.wav,0,0,0,0,0,0,0,0,0
20audio_69.wav,0,0,0,0,0,0,0,0,0
20audio_70.wav,0,0,0,0,0,0,0,0,0
20audio_71.wav,0,0,0,0,0,0,0,0,0
20audio_72.wav,0,0,0,0,0,0,0,0,0
20audio_73.wav,0,0,0,0,0,0,0,0,0
20audio_74.wav,0,0,0,0,0,0,0,0,0
20audio_75.wav,0,0,0,0,0,0,0,0,0
20audio_76.wav,0,0,0,0,0,0,0,0,0
21audio_2.wav,1,1,1,0,1,1,1,0,0
21audio_3.wav,1,0,1,0,1,1,0,0,0
21audio_4.wav,0,0,0,1,0,0,0,0,0
21audio_5.wav,0,0,0,1,0,0,0,0,0
21audio_6.wav,1,0,1,1,1,0,0,0,0
21audio_7.wav,0,0,0,1,0,0,1,0,0
21audio_8.wav,1,0,1,1,1,1,1,0,1
21audio_9.wav,1,0,1,1,1,1,1,0,1
21audio_10.wav,1,1,1,0,1,1,1,0,1
21audio_11.wav,0,0,0,1,0,0,0,0,0
21audio_12.wav,0,0,0,1,0,0,0,0,1
21audio_13.wav,1,0,1,1,1,1,1,0,1
21audio_14.wav,1,0,1,1,1,1,1,0,1
21audio_15.wav,1,0,1,1,1,1,1,0,1
21audio_16.wav,1,0,1,1,0,1,1,0,1
21audio_17.wav,0,0,1,1,0,1,1,0,1
21audio_18.wav,0,0,0,1,0,0,0,0,0
21audio_19.wav,1,0,0,1,0,1,0,0,0
21audio_20.wav,0,0,0,1,0,0,0,0,0
21audio_21.wav,0,0,1,1,1,1,1,0,0
21audio_22.wav,1,0,1,1,1,1,1,0,1
21audio_23.wav,0,0,0,1,0,0,1,0,1
21audio_24.wav,0,0,1,1,0,1,1,0,1
21audio_25.wav,0,0,0,1,0,1,0,0,0
21audio_26.wav,0,0,0,1,0,0,0,0,0
21audio_27.wav,1,0,1,1,1,1,0,0,1
21audio_28.wav,1,0,1,1,1,1,1,0,1
21audio_29.wav,0,0,0,1,0,1,0,0,0
21audio_30.wav,1,0,1,1,1,1,1,0,1
21audio_31.wav,1,0,1,1,0,1,1,0,0
21audio_32.wav,1,0,0,1,0,0,0,0,0
21audio_33.wav,1,0,1,1,0,1,0,0,0
21audio_34.wav,1,0,0,1,0,1,0,0,0
21audio_35.wav,1,0,1,1,1,1,1,0,1
21audio_36.wav,1,0,1,1,1,1,1,0,1
21audio_37.wav,0,0,1,1,0,1,0,0,0
21audio_38.wav,0,0,1,1,1,1,1,0,1
21audio_39.wav,1,0,0,1,0,1,0,0,0
21audio_40.wav,1,0,0,1,0,1,0,0,0
21audio_41.wav,0,0,0,1,0,1,1,0,1
21audio_42.wav,1,0,0,1,0,1,0,0,0
21audio_43.wav,0,0,0,1,0,0,0,0,0
21audio_44.wav,1,0,1,1,1,1,0,0,0
21audio_45.wav,0,0,0,0,0,0,0,0,0
21audio_46.wav,1,0,1,0,0,1,0,0,0
21audio_47.wav,1,0,1,1,0,1,0,0,0
21audio_48.wav,0,0,0,1,0,1,0,0,0
21audio_49.wav,1,0,1,1,1,1,1,0,1
21audio_50.wav,1,0,1,1,1,1,0,0,0
21audio_51.wav,1,0,1,1,1,1,1,0,1
21audio_52.wav,1,0,1,1,1,1,1,0,1
21audio_53.wav,1,0,1,1,0,1,0,0,0
21audio_54.wav,0,0,0,0,0,0,0,0,0
21audio_55.wav,0,0,0,0,0,0,0,0,0
21audio_56.wav,0,0,0,0,0,0,0,0,0
21audio_57.wav,0,0,0,0,0,0,0,0,0
21audio_58.wav,0,0,0,0,0,0,0,0,0
21audio_59.wav,0,0,0,0,0,0,0,0,0
21audio_60.wav,0,0,0,0,0,0,0,0,0
21audio_61.wav,0,0,0,0,0,0,0,0,0
21audio_62.wav,0,0,0,0,0,0,0,0,0
21audio_63.wav,0,0,0,0,0,0,0,0,0
21audio_64.wav,0,0,0,0,0,0,0,0,0
21audio_65.wav,0,0,0,0,0,0,0,0,0
21audio_66.wav,0,0,0,0,0,0,0,0,0
21audio_67.wav,0,0,0,0,0,0,0,0,0
21audio_68.wav,0,0,0,0,0,0,0,0,0
21audio_69.wav,0,0,0,0,0,0,0,0,0
21audio_70.wav,0,0,0,0,0,0,0,0,0
21audio_71.wav,0,0,0,0,0,0,0,0,0
21audio_72.wav,0,0,0,0,0,0,0,0,0
21audio_73.wav,0,0,0,0,0,0,0,0,0
21audio_74.wav,0,0,0,0,0,0,0,0,0
21audio_75.wav,0,0,0,0,0,0,0,0,0
21audio_76.wav,0,0,0,0,0,0,0,0,0
22audio_2.wav,1,0,1,1,1,1,1,0,1
22audio_3.wav,0,0,0,0,0,1,1,0,1
22audio_4.wav,0,0,0,0,0,0,0,0,0
22audio_5.wav,0,0,0,1,0,1,1,0,1
22audio_6.wav,1,0,1,0,1,0,0,0,0
22audio_7.wav,0,0,1,0,0,1,0,0,0
22audio_8.wav,1,0,1,1,1,1,1,0,1
22audio_9.wav,0,0,0,1,0,0,1,0,1
22audio_10.wav,0,0,1,1,1,1,1,0,1
22audio_11.wav,0,0,0,0,0,1,1,0,1
22audio_12.wav,0,0,0,0,0,0,1,0,1
22audio_13.wav,0,0,0,1,1,1,1,0,1
22audio_14.wav,0,0,0,1,0,0,1,0,1
22audio_15.wav,1,0,1,1,1,1,1,1,1
22audio_16.wav,0,0,1,1,1,1,1,0,1
22audio_17.wav,1,0,1,1,1,1,1,0,1
22audio_18.wav,1,0,0,1,1,1,1,0,1
22audio_19.wav,0,0,1,0,1,1,1,0,1
22audio_20.wav,0,0,0,0,1,1,0,0,0
22audio_21.wav,1,0,1,1,1,1,1,0,1
22audio_22.wav,1,0,1,1,1,1,1,1,1
22audio_23.wav,0,0,0,0,0,0,0,0,0
22audio_24.wav,0,0,0,1,0,0,1,0,1
22audio_25.wav,0,0,1,1,1,1,1,1,1
22audio_26.wav,1,0,1,1,0,1,1,0,1
22audio_27.wav,1,0,1,1,0,1,1,0,1
22audio_28.wav,1,0,0,0,1,1,1,0,1
22audio_29.wav,0,0,0,1,0,1,1,0,1
22audio_30.wav,1,0,1,1,1,1,1,0,1
22audio_31.wav,1,0,1,1,1,1,1,0,1
22audio_32.wav,0,0,0,0,0,1,1,0,1
22audio_33.wav,1,0,0,0,0,0,0,0,0
22audio_34.wav,0,0,0,1,0,1,1,0,1
22audio_35.wav,1,0,1,1,1,1,1,0,1
22audio_36.wav,1,0,0,0,0,1,1,0,1
22audio_37.wav,1,0,1,1,1,1,1,0,1
22audio_38.wav,1,0,0,1,1,1,1,0,1
22audio_39.wav,1,0,1,1,1,1,1,0,1
22audio_40.wav,0,0,1,1,0,0,0,0,0
22audio_41.wav,1,0,1,1,1,1,1,0,1
22audio_42.wav,0,0,0,0,1,1,1,0,1
22audio_43.wav,0,0,0,0,0,0,0,1,0
22audio_44.wav,1,0,0,0,1,1,0,0,0
22audio_45.wav,0,0,1,1,1,1,1,0,1
22audio_46.wav,1,0,1,0,1,1,1,0,1
22audio_47.wav,0,0,1,1,1,1,1,1,1
22audio_48.wav,1,0,1,1,1,1,1,0,1
22audio_49.wav,1,1,1,1,1,1,1,1,1
22audio_50.wav,0,0,1,1,0,1,1,0,1
22audio_51.wav,1,0,1,1,1,1,1,0,1
22audio_52.wav,1,0,1,1,1,1,1,0,1
22audio_53.wav,1,0,0,0,1,1,0,0,0
22audio_54.wav,0,0,0,0,0,0,0,0,0
22audio_55.wav,0,0,0,0,0,0,0,0,0
22audio_56.wav,0,0,0,0,0,0,0,0,0
22audio_57.wav,0,0,0,0,0,0,0,0,0
22audio_58.wav,0,0,0,0,0,0,0,0,0
22audio_59.wav,0,0,0,0,0,0,0,0,0
22audio_60.wav,0,0,0,0,0,0,0,0,0
22audio_61.wav,0,0,0,0,0,0,0,0,0
22audio_62.wav,0,0,0,0,0,0,0,0,0
22audio_63.wav,0,0,0,0,0,0,0,0,0
22audio_64.wav,0,0,0,0,0,0,0,0,0
22audio_65.wav,0,0,0,0,0,0,0,0,0
22audio_66.wav,0,0,0,0,0,0,0,0,0
22audio_67.wav,0,0,0,0,0,0,0,0,0
22audio_68.wav,0,0,0,0,0,0,0,0,0
22audio_69.wav,0,0,0,0,0,0,0,0,0
22audio_70.wav,0,0,0,0,0,0,0,0,0
22audio_71.wav,0,0,0,0,0,0,0,0,0
22audio_72.wav,0,0,0,0,0,0,0,0,0
22audio_73.wav,0,0,0,0,0,0,0,0,0
22audio_74.wav,0,0,0,0,0,0,0,0,0
22audio_75.wav,0,0,0,0,0,0,0,0,0
22audio_76.wav,0,0,0,0,0,0,0,0,0
23audio_2.wav,1,0,0,1,0,1,0,0,0
23audio_3.wav,1,0,1,0,0,0,0,0,0
23audio_4.wav,0,0,0,0,0,0,0,0,0
23audio_5.wav,0,0,0,1,0,0,0,0,0
23audio_6.wav,1,0,1,1,1,1,1,0,1
23audio_7.wav,0,0,1,0,1,1,0,0,0
23audio_8.wav,1,0,1,1,1,1,1,0,1
23audio_9.wav,1,0,1,1,1,1,1,0,1
23audio_10.wav,1,0,1,1,1,1,1,0,1
23audio_11.wav,0,0,0,0,0,0,0,0,0
23audio_12.wav,0,0,0,0,1,0,0,0,0
23audio_13.wav,1,0,1,1,1,1,1,0,1
23audio_14.wav,1,0,0,0,0,0,0,0,0
23audio_15.wav,1,0,1,1,1,1,1,1,1
23audio_16.wav,1,0,0,1,0,0,1,0,1
23audio_17.wav,1,0,1,1,1,1,1,0,1
23audio_18.wav,0,0,0,0,0,0,0,0,0
23audio_19.wav,1,0,1,1,1,1,1,0,1
23audio_20.wav,0,0,0,0,0,0,0,0,0
23audio_21.wav,1,0,1,1,0,0,1,0,1
23audio_22.wav,1,1,1,1,1,1,1,1,1
23audio_23.wav,0,0,0,1,0,0,0,0,0
23audio_24.wav,0,0,1,1,1,1,1,0,1
23audio_25.wav,0,0,1,1,1,1,1,0,1
23audio_26.wav,0,0,0,0,0,0,0,0,0
23audio_27.wav,1,0,1,0,1,1,0,0,0
23audio_28.wav,1,0,0,0,0,0,0,0,0
23audio_29.wav,0,0,1,0,1,1,0,0,0
23audio_30.wav,1,0,0,0,1,1,0,0,0
23audio_31.wav,0,0,1,0,1,1,0,0,0
23audio_32.wav,1,0,0,0,1,1,0,0,0
23audio_33.wav,1,0,1,0,1,1,1,0,1
23audio_34.wav,1,0,1,0,1,1,1,0,1
23audio_35.wav,1,0,1,0,1,1,1,0,1
23audio_36.wav,1,1,1,0,1,1,1,0,1
23audio_37.wav,1,0,1,1,1,1,1,1,1
23audio_38.wav,1,0,1,1,1,1,1,0,1
23audio_39.wav,1,0,1,1,1,1,1,0,1
23audio_40.wav,0,0,1,1,0,1,1,1,1
23audio_41.wav,1,0,1,1,1,1,1,1,1
23audio_42.wav,1,0,1,1,1,1,1,0,1
23audio_43.wav,0,0,0,0,0,0,0,0,0
23audio_44.wav,0,0,1,0,1,1,1,0,1
23audio_45.wav,0,0,0,1,0,1,1,0,1
23audio_46.wav,1,0,1,0,1,0,0,0,0
23audio_47.wav,1,0,1,0,1,1,1,0,1
23audio_48.wav,1,0,1,1,1,1,1,0,1
23audio_49.wav,1,0,1,1,1,1,1,1,1
23audio_50.wav,0,0,1,0,1,1,1,1,1
23audio_51.wav,1,0,1,1,1,1,1,0,1
23audio_52.wav,0,0,0,0,0,0,0,0,0
23audio_53.wav,1,0,0,0,1,1,0,0,0
23audio_54.wav,0,0,0,0,0,0,0,0,0
23audio_55.wav,0,0,0,0,0,0,0,0,0
23audio_56.wav,0,0,0,0,0,0,0,0,0
23audio_57.wav,0,0,0,0,0,0,0,0,0
23audio_58.wav,0,0,0,0,0,0,0,0,0
23audio_59.wav,0,0,0,0,0,0,0,0,0
23audio_60.wav,0,0,0,0,0,0,0,0,0
23audio_61.wav,0,0,0,0,0,0,0,0,0
23audio_62.wav,0,0,0,0,0,0,0,0,0
23audio_63.wav,0,0,0,0,0,0,0,0,0
23audio_64.wav,0,0,0,0,0,0,0,0,0
23audio_65.wav,0,0,0,0,0,0,0,0,0
23audio_66.wav,0,0,0,0,0,0,0,0,0
23audio_67.wav,0,0,0,0,0,0,0,0,0
23audio_68.wav,0,0,0,0,0,0,0,0,0
23audio_69.wav,0,0,0,0,0,0,0,0,0
23audio_70.wav,0,0,0,0,0,0,0,0,0
23audio_71.wav,0,0,0,0,0,0,0,0,0
23audio_72.wav,0,0,0,0,0,0,0,0,0
23audio_73.wav,0,0,0,0,0,0,0,0,0
23audio_74.wav,0,0,0,0,0,0,0,0,0
23audio_75.wav,0,0,0,0,0,0,0,0,0
23audio_76.wav,0,0,0,0,0,0,0,0,0
24audio_2.wav,0,0,0,1,0,1,1,0,1
24audio_3.wav,0,0,0,1,0,1,1,0,1
24audio_4.wav,0,0,0,0,0,0,0,0,0
24audio_5.wav,0,0,0,0,0,0,0,0,0
24audio_6.wav,1,0,1,0,1,1,1,0,1
24audio_7.wav,1,0,1,1,1,1,1,1,1
24audio_8.wav,1,0,1,1,1,1,1,0,1
24audio_9.wav,0,0,1,0,1,1,0,0,0
24audio_10.wav,1,0,1,1,1,1,1,0,1
24audio_11.wav,0,0,0,0,0,0,0,0,0
24audio_12.wav,0,0,0,0,0,0,0,0,0
24audio_13.wav,1,0,1,1,1,1,1,0,1
24audio_14.wav,1,0,1,1,1,1,1,0,1
24audio_15.wav,1,0,1,1,1,1,1,0,1
24audio_16.wav,1,0,1,0,1,1,1,0,1
24audio_17.wav,0,0,0,0,1,1,1,0,1
24audio_18.wav,1,0,0,0,1,1,1,0,1
24audio_19.wav,1,0,1,1,1,1,1,0,1
24audio_20.wav,0,0,0,1,0,0,0,0,0
24audio_21.wav,0,0,0,1,0,0,0,0,1
24audio_22.wav,1,0,1,1,1,1,1,0,1
24audio_23.wav,0,0,0,1,0,0,0,0,0
24audio_24.wav,0,0,0,1,0,0,0,0,1
24audio_25.wav,0,1,0,1,0,1,0,0,1
24audio_26.wav,0,0,0,1,0,0,0,0,1
24audio_27.wav,1,0,0,1,1,1,0,0,1
24audio_28.wav,1,0,1,1,1,1,1,0,1
24audio_29.wav,1,0,1,0,1,1,0,0,1
24audio_30.wav,1,0,1,1,1,1,0,0,1
24audio_31.wav,0,0,1,1,1,1,0,0,1
24audio_32.wav,0,0,1,1,1,1,0,0,1
24audio_33.wav,1,0,1,1,1,1,1,0,1
24audio_34.wav,1,0,1,1,1,1,1,0,1
24audio_35.wav,1,0,1,1,1,1,1,0,1
24audio_36.wav,1,0,1,1,1,1,1,0,1
24audio_37.wav,0,0,0,1,0,0,0,0,0
24audio_38.wav,0,0,0,1,0,1,1,0,1
24audio_39.wav,1,0,1,1,1,1,1,0,1
24audio_40.wav,1,0,1,1,1,1,1,0,1
24audio_41.wav,1,1,1,1,1,1,1,1,1
24audio_42.wav,1,0,1,1,1,1,1,0,1
24audio_43.wav,0,0,0,1,1,1,0,0,0
24audio_44.wav,0,0,0,1,0,0,0,0,0
24audio_45.wav,1,0,1,1,1,1,1,0,1
24audio_46.wav,1,0,1,1,1,1,1,0,1
24audio_47.wav,1,0,1,1,1,1,1,0,1
24audio_48.wav,1,0,1,1,1,1,1,0,1
24audio_49.wav,1,0,1,1,1,1,1,1,1
24audio_50.wav,1,0,1,1,1,1,1,0,1
24audio_51.wav,1,0,1,1,1,1,1,0,1
24audio_52.wav,0,0,0,1,0,0,0,0,0
24audio_53.wav,1,0,1,1,1,1,1,0,1
24audio_54.wav,0,0,0,0,0,0,0,0,0
24audio_55.wav,0,0,0,0,0,0,0,0,0
24audio_56.wav,0,0,0,0,0,0,0,0,0
24audio_57.wav,0,0,0,0,0,0,0,0,0
24audio_58.wav,0,0,0,0,0,0,0,0,0
24audio_59.wav,0,0,0,0,0,0,0,0,0
24audio_60.wav,0,0,0,0,0,0,0,0,0
24audio_61.wav,0,0,0,0,0,0,0,0,0
24audio_62.wav,0,0,0,0,0,0,0,0,0
24audio_63.wav,0,0,0,0,0,0,0,0,0
24audio_64.wav,0,0,0,0,0,0,0,0,0
24audio_65.wav,0,0,0,0,0,0,0,0,0
24audio_66.wav,0,0,0,0,0,0,0,0,0
24audio_67.wav,0,0,0,0,0,0,0,0,0
24audio_68.wav,0,0,0,0,0,0,0,0,0
24audio_69.wav,0,0,0,0,0,0,0,0,0
24audio_70.wav,0,0,0,0,0,0,0,0,0
24audio_71.wav,0,0,0,0,0,0,0,0,0
24audio_72.wav,0,0,0,0,0,0,0,0,0
24audio_73.wav,0,0,0,0,0,0,0,0,0
24audio_74.wav,0,0,0,0,0,0,0,0,0
24audio_75.wav,0,0,0,0,0,0,0,0,0
24audio_76.wav,0,0,0,0,0,0,0,0,0
25audio_2.wav,0,0,0,0,0,1,1,0,1
25audio_3.wav,0,0,0,1,0,1,1,0,1
25audio_4.wav,0,0,0,0,0,0,0,0,0
25audio_5.wav,0,0,1,1,0,1,1,0,1
25audio_6.wav,1,0,1,1,0,1,1,0,1
25audio_7.wav,0,0,0,1,0,1,1,0,1
25audio_8.wav,1,0,0,1,1,1,1,0,1
25audio_9.wav,1,0,1,0,1,1,1,0,1
25audio_10.wav,1,0,0,1,1,1,1,0,1
25audio_11.wav,0,0,0,0,0,0,1,0,0
25audio_12.wav,0,0,0,0,0,0,0,0,0
25audio_13.wav,0,0,0,0,1,1,1,0,1
25audio_14.wav,0,0,1,0,1,1,1,0,1
25audio_15.wav,0,0,1,1,1,1,1,0,1
25audio_16.wav,0,0,1,1,1,1,1,0,1
25audio_17.wav,1,0,1,1,1,1,1,0,1
25audio_18.wav,1,0,1,1,1,1,1,0,1
25audio_19.wav,1,0,1,1,1,1,1,0,1
25audio_20.wav,1,0,1,1,1,1,1,0,1
25audio_21.wav,1,0,1,1,1,1,1,0,1
25audio_22.wav,1,0,1,1,1,1,1,1,1
25audio_23.wav,0,0,0,0,0,0,1,0,1
25audio_24.wav,0,0,0,0,0,1,0,0,0
25audio_25.wav,0,0,0,1,0,1,1,0,1
25audio_26.wav,1,0,1,1,1,1,1,0,1
25audio_27.wav,0,0,0,0,0,1,1,0,1
25audio_28.wav,1,0,1,1,1,1,1,0,1
25audio_29.wav,1,0,1,1,1,1,1,0,1
25audio_30.wav,1,0,1,1,1,1,1,0,1
25audio_31.wav,1,0,1,1,1,1,1,0,1
25audio_32.wav,0,0,1,1,0,1,1,1,1
25audio_33.wav,1,0,1,1,1,1,1,0,1
25audio_34.wav,0,0,0,0,0,1,1,0,1
25audio_35.wav,1,0,1,1,1,1,1,0,1
25audio_36.wav,1,0,1,1,1,1,1,0,1
25audio_37.wav,0,0,0,0,0,1,1,0,1
25audio_38.wav,0,0,0,0,0,1,0,0,0
25audio_39.wav,1,0,1,1,1,1,1,0,1
25audio_40.wav,0,0,0,0,0,1,1,0,1
25audio_41.wav,0,0,1,1,0,1,1,0,1
25audio_42.wav,0,0,0,0,0,1,1,0,1
25audio_43.wav,0,0,0,1,0,1,1,0,1
25audio_44.wav,1,0,1,1,1,1,1,0,1
25audio_45.wav,1,0,1,1,1,1,1,0,1
25audio_46.wav,0,0,0,0,0,1,1,0,1
25audio_47.wav,1,0,1,1,1,1,1,0,1
25audio_48.wav,1,0,1,1,1,1,1,0,1
25audio_49.wav,1,0,1,1,1,1,1,0,1
25audio_50.wav,0,0,0,0,0,1,1,0,1
25audio_51.wav,1,0,1,1,1,1,1,0,1
25audio_52.wav,1,0,1,1,1,1,1,0,1
25audio_53.wav,0,0,0,0,0,1,1,0,1
25audio_54.wav,0,0,0,0,0,0,0,0,0
25audio_55.wav,0,0,0,0,0,0,0,0,0
25audio_56.wav,0,0,0,0,0,0,0,0,0
25audio_57.wav,0,0,0,0,0,0,0,0,0
25audio_58.wav,0,0,0,0,0,0,0,0,0
25audio_59.wav,0,0,0,0,0,0,0,0,0
25audio_60.wav,0,0,0,0,0,0,0,0,0
25audio_61.wav,0,0,0,0,0,0,0,0,0
25audio_62.wav,0,0,0,0,0,0,0,0,0
25audio_63.wav,0,0,0,0,0,0,0,0,0
25audio_64.wav,0,0,0,0,0,0,0,0,0
25audio_65.wav,0,0,0,0,0,0,0,0,0
25audio_66.wav,0,0,0,0,0,0,0,0,0
25audio_67.wav,0,0,0,0,0,0,0,0,0
25audio_68.wav,0,0,0,0,0,0,0,0,0
25audio_69.wav,0,0,0,0,0,0,0,0,0
25audio_70.wav,0,0,0,0,0,0,0,0,0
25audio_71.wav,0,0,0,0,0,0,0,0,0
25audio_72.wav,0,0,0,0,0,0,0,0,0
25audio_73.wav,0,0,0,0,0,0,0,0,0
25audio_74.wav,0,0,0,0,0,0,0,0,0
25audio_75.wav,0,0,0,0,0,0,0,0,0
25audio_76.wav,0,0,0,0,0,0,0,0,0
